receiver,cohort,snr_db,N_blocks,E_block_errors,BLER,cs95_lower,cs95_upper,byte_errors,evaluated_bytes,ByteER,information_bit_errors,evaluated_information_bits,information_BER,exact_blocks,exact_recovery_rate,syndrome_valid_wrong_blocks,syndrome_valid_wrong_rate,cohort_target_errors,cohort_max_samples,cohort_batch_size,cohort_stop_reason,cohort_stopping_checked_at,physical_seed_base,source_run_id,aggregate_file
SF-BP,SF-BP_paired_transmissions,2.0,20992,200,0.009527439024390244,0.007062224213086685,0.01250284763333246,3512,2728960,0.001286937148217636,5340,21831680,0.0002445986749530957,20792,0.9904725609756098,1,4.763719512195122e-05,200,1000000,512,target_final_sentence_errors_reached,completed batch boundaries; overshoot is retained,20260602,sf_original_2_to_3db,sf_bp_results_summary_public.json
LDPC-BP,SF-BP_paired_transmissions,2.0,20992,20992,1.0,0.9995930681699785,1.0,1592657,2728960,0.5836131713180113,2265266,21831680,0.10376049850492496,0,0.0,0,0.0,200,1000000,512,target_final_sentence_errors_reached,completed batch boundaries; overshoot is retained,20260602,sf_original_2_to_3db,sf_bp_results_summary_public.json
SF-BP,SF-BP_paired_transmissions,2.5,203776,200,0.000981469849246231,0.0007114368166257684,0.0013123927736049129,3820,26490880,0.00014420057015848472,5495,211927040,2.5928734719269422e-05,203576,0.9990185301507538,4,1.9629396984924623e-05,200,1000000,512,target_final_sentence_errors_reached,completed batch boundaries; overshoot is retained,20260602,sf_original_2_to_3db,sf_bp_results_summary_public.json
LDPC-BP,SF-BP_paired_transmissions,2.5,203776,203776,1.0,0.9999524956019842,1.0,14095548,26490880,0.532090591177039,19192036,211927040,0.09055963788292423,0,0.0,0,0.0,200,1000000,512,target_final_sentence_errors_reached,completed batch boundaries; overshoot is retained,20260602,sf_original_2_to_3db,sf_bp_results_summary_public.json
SF-BP,SF-BP_paired_transmissions,3.0,1000000,106,0.000106,6.615270164683514e-05,0.00015932200400904875,2084,130000000,1.603076923076923e-05,2754,1040000000,2.6480769230769232e-06,999894,0.999894,3,3e-06,200,1000000,2048,max_samples_reached,completed batch boundaries; overshoot is retained,20260602,sf_original_2_to_3db,sf_bp_results_summary_public.json
LDPC-BP,SF-BP_paired_transmissions,3.0,1000000,1000000,1.0,0.9999895242022505,1.0,61877443,130000000,0.47598033076923074,80707314,1040000000,0.07760318653846154,0,0.0,0,0.0,200,1000000,2048,max_samples_reached,completed batch boundaries; overshoot is retained,20260602,sf_original_2_to_3db,sf_bp_results_summary_public.json
SF-BP,SF-BP_paired_transmissions,3.5,3700000,93,2.5135135135135137e-05,1.4890764314401636e-05,3.925541668760034e-05,1907,481000000,3.964656964656964e-06,2386,3848000000,6.200623700623701e-07,3699907,0.9999748648648649,6,1.6216216216216216e-06,100,3700000,4096,max_samples_reached,completed batch boundaries; overshoot is retained,20260915,sf_rerun_3p5db,sf_bp_results_summary_public.json
LDPC-BP,SF-BP_paired_transmissions,3.5,3700000,3700000,1.0,0.9999969918912969,1.0,199349842,481000000,0.414448735966736,249060066,3848000000,0.06472454937629937,0,0.0,0,0.0,100,3700000,4096,max_samples_reached,completed batch boundaries; overshoot is retained,20260915,sf_rerun_3p5db,sf_bp_results_summary_public.json
SF-BP,SF-BP_paired_transmissions,4.0,7372800,50,6.781684027777777e-06,3.202149687402541e-06,1.236393256085607e-05,705,958464000,7.355518830128205e-07,854,7667712000,1.1137611845619658e-07,7372750,0.9999932183159722,2,2.712673611111111e-07,50,20000000,4096,target_final_sentence_errors_reached,completed batch boundaries; overshoot is retained,20260915,sf_rerun_4db,sf_bp_results_summary_public.json
LDPC-BP,SF-BP_paired_transmissions,4.0,7372800,7372572,0.9999690755208334,0.9999583823918171,0.9999777584479197,330785303,958464000,0.3451202163044204,395514240,7667712000,0.05158178084935897,228,3.092447916663854e-05,0,0.0,50,20000000,4096,target_final_sentence_errors_reached,completed batch boundaries; overshoot is retained,20260915,sf_rerun_4db,sf_bp_results_summary_public.json
BM-BP,BM-BP_paired_transmissions,2.0,12288,360,0.029296875,0.02363830006477267,0.03576480075178661,6278,1597440,0.003930038060897436,8987,12779520,0.0007032345502804488,11928,0.970703125,1,8.138020833333333e-05,300,1000000,4096,target_final_sentence_errors_reached,completed batch boundaries; overshoot is retained,20260602,bm_original_2_to_3db,bm_bp_results_summary_public.json
LDPC-BP,BM-BP_paired_transmissions,2.0,12288,12288,1.0,0.999326700025327,1.0,932450,1597440,0.5837151943108975,1325664,12779520,0.1037334735576923,0,0.0,0,0.0,300,1000000,4096,target_final_sentence_errors_reached,completed batch boundaries; overshoot is retained,20260602,bm_original_2_to_3db,bm_bp_results_summary_public.json
BM-BP,BM-BP_paired_transmissions,2.5,81920,303,0.00369873046875,0.0028752706930325754,0.004665525074027032,5114,10649600,0.0004802058293269231,6999,85196800,8.215097280649038e-05,81617,0.99630126953125,9,0.00010986328125,300,1000000,4096,target_final_sentence_errors_reached,completed batch boundaries; overshoot is retained,20260602,bm_original_2_to_3db,bm_bp_results_summary_public.json
LDPC-BP,BM-BP_paired_transmissions,2.5,81920,81920,1.0,0.999887398332689,1.0,5666382,10649600,0.5320746319110576,7715124,85196800,0.09055649977463942,0,0.0,0,0.0,300,1000000,4096,target_final_sentence_errors_reached,completed batch boundaries; overshoot is retained,20260602,bm_original_2_to_3db,bm_bp_results_summary_public.json
BM-BP,BM-BP_paired_transmissions,3.0,434176,202,0.00046524911556603774,0.0003355088171089456,0.0006247556168606889,3414,56442880,6.048592842888244e-05,4373,451543040,9.68456960381894e-06,433974,0.999534750884434,18,4.145784198113207e-05,200,1000000,4096,target_final_sentence_errors_reached,completed batch boundaries; overshoot is retained,20260602,bm_original_2_to_3db,bm_bp_results_summary_public.json
LDPC-BP,BM-BP_paired_transmissions,3.0,434176,434176,1.0,0.9999768329349882,1.0,26868693,56442880,0.47603334556989296,35047951,451543040,0.07761818452566559,0,0.0,0,0.0,200,1000000,4096,target_final_sentence_errors_reached,completed batch boundaries; overshoot is retained,20260602,bm_original_2_to_3db,bm_bp_results_summary_public.json
BM-BP,BM-BP_paired_transmissions,3.5,1208320,100,8.275953389830508e-05,5.075171651782628e-05,0.0001260220111326947,2389,157081600,1.5208655883311603e-05,2865,1256652800,2.2798660059485005e-06,1208220,0.9999172404661016,6,4.965572033898305e-06,100,20000000,4096,target_final_sentence_errors_reached,completed batch boundaries; overshoot is retained,20260919,bm_rerun_3p5db,bm_bp_results_summary_public.json
LDPC-BP,BM-BP_paired_transmissions,3.5,1208320,1208320,1.0,0.99999125196815,1.0,65100304,157081600,0.41443621659061275,81331434,1256652800,0.06472068816462272,0,0.0,0,0.0,100,20000000,4096,target_final_sentence_errors_reached,completed batch boundaries; overshoot is retained,20260919,bm_rerun_3p5db,bm_bp_results_summary_public.json
BM-BP,BM-BP_paired_transmissions,4.0,1835008,50,2.7247837611607144e-05,1.321359169547652e-05,4.882790939034363e-05,831,238551040,3.483531239268544e-06,962,1908408320,5.040849958147322e-07,1834958,0.9999727521623883,11,5.994524274553571e-06,50,20000000,4096,target_final_sentence_errors_reached,completed batch boundaries; overshoot is retained,20260919,bm_rerun_4db,bm_bp_results_summary_public.json
LDPC-BP,BM-BP_paired_transmissions,4.0,1835008,1834933,0.9999591282435826,0.9999336247210536,0.9999770747639838,82345924,238551040,0.34519205617380666,98454905,1908408320,0.051590062759734774,75,4.0871756417426575e-05,1,5.449567522321428e-07,50,20000000,4096,target_final_sentence_errors_reached,completed batch boundaries; overshoot is retained,20260919,bm_rerun_4db,bm_bp_results_summary_public.json
