max_semantic_calls,bin_lower,bin_upper,count,density,observations
0,-120.0,-119.5,0,0.0,52000000
0,-119.5,-119.0,0,0.0,52000000
0,-119.0,-118.5,0,0.0,52000000
0,-118.5,-118.0,0,0.0,52000000
0,-118.0,-117.5,0,0.0,52000000
0,-117.5,-117.0,0,0.0,52000000
0,-117.0,-116.5,0,0.0,52000000
0,-116.5,-116.0,0,0.0,52000000
0,-116.0,-115.5,0,0.0,52000000
0,-115.5,-115.0,0,0.0,52000000
0,-115.0,-114.5,0,0.0,52000000
0,-114.5,-114.0,0,0.0,52000000
0,-114.0,-113.5,0,0.0,52000000
0,-113.5,-113.0,0,0.0,52000000
0,-113.0,-112.5,0,0.0,52000000
0,-112.5,-112.0,0,0.0,52000000
0,-112.0,-111.5,0,0.0,52000000
0,-111.5,-111.0,0,0.0,52000000
0,-111.0,-110.5,0,0.0,52000000
0,-110.5,-110.0,0,0.0,52000000
0,-110.0,-109.5,0,0.0,52000000
0,-109.5,-109.0,0,0.0,52000000
0,-109.0,-108.5,0,0.0,52000000
0,-108.5,-108.0,0,0.0,52000000
0,-108.0,-107.5,0,0.0,52000000
0,-107.5,-107.0,0,0.0,52000000
0,-107.0,-106.5,0,0.0,52000000
0,-106.5,-106.0,0,0.0,52000000
0,-106.0,-105.5,0,0.0,52000000
0,-105.5,-105.0,0,0.0,52000000
0,-105.0,-104.5,0,0.0,52000000
0,-104.5,-104.0,0,0.0,52000000
0,-104.0,-103.5,0,0.0,52000000
0,-103.5,-103.0,0,0.0,52000000
0,-103.0,-102.5,0,0.0,52000000
0,-102.5,-102.0,0,0.0,52000000
0,-102.0,-101.5,0,0.0,52000000
0,-101.5,-101.0,0,0.0,52000000
0,-101.0,-100.5,0,0.0,52000000
0,-100.5,-100.0,0,0.0,52000000
0,-100.0,-99.5,0,0.0,52000000
0,-99.5,-99.0,0,0.0,52000000
0,-99.0,-98.5,0,0.0,52000000
0,-98.5,-98.0,0,0.0,52000000
0,-98.0,-97.5,0,0.0,52000000
0,-97.5,-97.0,0,0.0,52000000
0,-97.0,-96.5,0,0.0,52000000
0,-96.5,-96.0,0,0.0,52000000
0,-96.0,-95.5,0,0.0,52000000
0,-95.5,-95.0,0,0.0,52000000
0,-95.0,-94.5,0,0.0,52000000
0,-94.5,-94.0,0,0.0,52000000
0,-94.0,-93.5,0,0.0,52000000
0,-93.5,-93.0,0,0.0,52000000
0,-93.0,-92.5,0,0.0,52000000
0,-92.5,-92.0,0,0.0,52000000
0,-92.0,-91.5,0,0.0,52000000
0,-91.5,-91.0,0,0.0,52000000
0,-91.0,-90.5,0,0.0,52000000
0,-90.5,-90.0,0,0.0,52000000
0,-90.0,-89.5,0,0.0,52000000
0,-89.5,-89.0,0,0.0,52000000
0,-89.0,-88.5,0,0.0,52000000
0,-88.5,-88.0,0,0.0,52000000
0,-88.0,-87.5,0,0.0,52000000
0,-87.5,-87.0,0,0.0,52000000
0,-87.0,-86.5,0,0.0,52000000
0,-86.5,-86.0,0,0.0,52000000
0,-86.0,-85.5,0,0.0,52000000
0,-85.5,-85.0,0,0.0,52000000
0,-85.0,-84.5,0,0.0,52000000
0,-84.5,-84.0,0,0.0,52000000
0,-84.0,-83.5,0,0.0,52000000
0,-83.5,-83.0,0,0.0,52000000
0,-83.0,-82.5,0,0.0,52000000
0,-82.5,-82.0,0,0.0,52000000
0,-82.0,-81.5,0,0.0,52000000
0,-81.5,-81.0,0,0.0,52000000
0,-81.0,-80.5,0,0.0,52000000
0,-80.5,-80.0,0,0.0,52000000
0,-80.0,-79.5,0,0.0,52000000
0,-79.5,-79.0,0,0.0,52000000
0,-79.0,-78.5,0,0.0,52000000
0,-78.5,-78.0,0,0.0,52000000
0,-78.0,-77.5,0,0.0,52000000
0,-77.5,-77.0,0,0.0,52000000
0,-77.0,-76.5,0,0.0,52000000
0,-76.5,-76.0,0,0.0,52000000
0,-76.0,-75.5,0,0.0,52000000
0,-75.5,-75.0,0,0.0,52000000
0,-75.0,-74.5,0,0.0,52000000
0,-74.5,-74.0,0,0.0,52000000
0,-74.0,-73.5,0,0.0,52000000
0,-73.5,-73.0,0,0.0,52000000
0,-73.0,-72.5,0,0.0,52000000
0,-72.5,-72.0,0,0.0,52000000
0,-72.0,-71.5,0,0.0,52000000
0,-71.5,-71.0,0,0.0,52000000
0,-71.0,-70.5,0,0.0,52000000
0,-70.5,-70.0,0,0.0,52000000
0,-70.0,-69.5,0,0.0,52000000
0,-69.5,-69.0,0,0.0,52000000
0,-69.0,-68.5,0,0.0,52000000
0,-68.5,-68.0,0,0.0,52000000
0,-68.0,-67.5,0,0.0,52000000
0,-67.5,-67.0,0,0.0,52000000
0,-67.0,-66.5,0,0.0,52000000
0,-66.5,-66.0,0,0.0,52000000
0,-66.0,-65.5,0,0.0,52000000
0,-65.5,-65.0,0,0.0,52000000
0,-65.0,-64.5,0,0.0,52000000
0,-64.5,-64.0,0,0.0,52000000
0,-64.0,-63.5,0,0.0,52000000
0,-63.5,-63.0,0,0.0,52000000
0,-63.0,-62.5,0,0.0,52000000
0,-62.5,-62.0,0,0.0,52000000
0,-62.0,-61.5,0,0.0,52000000
0,-61.5,-61.0,0,0.0,52000000
0,-61.0,-60.5,0,0.0,52000000
0,-60.5,-60.0,0,0.0,52000000
0,-60.0,-59.5,0,0.0,52000000
0,-59.5,-59.0,0,0.0,52000000
0,-59.0,-58.5,0,0.0,52000000
0,-58.5,-58.0,0,0.0,52000000
0,-58.0,-57.5,0,0.0,52000000
0,-57.5,-57.0,0,0.0,52000000
0,-57.0,-56.5,0,0.0,52000000
0,-56.5,-56.0,0,0.0,52000000
0,-56.0,-55.5,0,0.0,52000000
0,-55.5,-55.0,0,0.0,52000000
0,-55.0,-54.5,0,0.0,52000000
0,-54.5,-54.0,0,0.0,52000000
0,-54.0,-53.5,0,0.0,52000000
0,-53.5,-53.0,0,0.0,52000000
0,-53.0,-52.5,0,0.0,52000000
0,-52.5,-52.0,0,0.0,52000000
0,-52.0,-51.5,0,0.0,52000000
0,-51.5,-51.0,0,0.0,52000000
0,-51.0,-50.5,0,0.0,52000000
0,-50.5,-50.0,0,0.0,52000000
0,-50.0,-49.5,0,0.0,52000000
0,-49.5,-49.0,0,0.0,52000000
0,-49.0,-48.5,0,0.0,52000000
0,-48.5,-48.0,0,0.0,52000000
0,-48.0,-47.5,0,0.0,52000000
0,-47.5,-47.0,0,0.0,52000000
0,-47.0,-46.5,0,0.0,52000000
0,-46.5,-46.0,0,0.0,52000000
0,-46.0,-45.5,0,0.0,52000000
0,-45.5,-45.0,0,0.0,52000000
0,-45.0,-44.5,0,0.0,52000000
0,-44.5,-44.0,0,0.0,52000000
0,-44.0,-43.5,0,0.0,52000000
0,-43.5,-43.0,0,0.0,52000000
0,-43.0,-42.5,0,0.0,52000000
0,-42.5,-42.0,0,0.0,52000000
0,-42.0,-41.5,0,0.0,52000000
0,-41.5,-41.0,0,0.0,52000000
0,-41.0,-40.5,0,0.0,52000000
0,-40.5,-40.0,0,0.0,52000000
0,-40.0,-39.5,0,0.0,52000000
0,-39.5,-39.0,0,0.0,52000000
0,-39.0,-38.5,0,0.0,52000000
0,-38.5,-38.0,0,0.0,52000000
0,-38.0,-37.5,0,0.0,52000000
0,-37.5,-37.0,0,0.0,52000000
0,-37.0,-36.5,0,0.0,52000000
0,-36.5,-36.0,0,0.0,52000000
0,-36.0,-35.5,0,0.0,52000000
0,-35.5,-35.0,0,0.0,52000000
0,-35.0,-34.5,0,0.0,52000000
0,-34.5,-34.0,0,0.0,52000000
0,-34.0,-33.5,0,0.0,52000000
0,-33.5,-33.0,0,0.0,52000000
0,-33.0,-32.5,0,0.0,52000000
0,-32.5,-32.0,0,0.0,52000000
0,-32.0,-31.5,0,0.0,52000000
0,-31.5,-31.0,0,0.0,52000000
0,-31.0,-30.5,0,0.0,52000000
0,-30.5,-30.0,0,0.0,52000000
0,-30.0,-29.5,0,0.0,52000000
0,-29.5,-29.0,0,0.0,52000000
0,-29.0,-28.5,0,0.0,52000000
0,-28.5,-28.0,0,0.0,52000000
0,-28.0,-27.5,0,0.0,52000000
0,-27.5,-27.0,0,0.0,52000000
0,-27.0,-26.5,0,0.0,52000000
0,-26.5,-26.0,0,0.0,52000000
0,-26.0,-25.5,0,0.0,52000000
0,-25.5,-25.0,0,0.0,52000000
0,-25.0,-24.5,0,0.0,52000000
0,-24.5,-24.0,0,0.0,52000000
0,-24.0,-23.5,0,0.0,52000000
0,-23.5,-23.0,0,0.0,52000000
0,-23.0,-22.5,0,0.0,52000000
0,-22.5,-22.0,0,0.0,52000000
0,-22.0,-21.5,0,0.0,52000000
0,-21.5,-21.0,0,0.0,52000000
0,-21.0,-20.5,0,0.0,52000000
0,-20.5,-20.0,0,0.0,52000000
0,-20.0,-19.5,0,0.0,52000000
0,-19.5,-19.0,0,0.0,52000000
0,-19.0,-18.5,0,0.0,52000000
0,-18.5,-18.0,0,0.0,52000000
0,-18.0,-17.5,0,0.0,52000000
0,-17.5,-17.0,0,0.0,52000000
0,-17.0,-16.5,0,0.0,52000000
0,-16.5,-16.0,0,0.0,52000000
0,-16.0,-15.5,0,0.0,52000000
0,-15.5,-15.0,0,0.0,52000000
0,-15.0,-14.5,0,0.0,52000000
0,-14.5,-14.0,0,0.0,52000000
0,-14.0,-13.5,0,0.0,52000000
0,-13.5,-13.0,0,0.0,52000000
0,-13.0,-12.5,0,0.0,52000000
0,-12.5,-12.0,0,0.0,52000000
0,-12.0,-11.5,1,3.846153846153846e-08,52000000
0,-11.5,-11.0,1,3.846153846153846e-08,52000000
0,-11.0,-10.5,3,1.1538461538461539e-07,52000000
0,-10.5,-10.0,4,1.5384615384615385e-07,52000000
0,-10.0,-9.5,14,5.384615384615384e-07,52000000
0,-9.5,-9.0,31,1.1923076923076923e-06,52000000
0,-9.0,-8.5,59,2.2692307692307694e-06,52000000
0,-8.5,-8.0,147,5.653846153846154e-06,52000000
0,-8.0,-7.5,348,1.3384615384615384e-05,52000000
0,-7.5,-7.0,798,3.069230769230769e-05,52000000
0,-7.0,-6.5,1894,7.284615384615385e-05,52000000
0,-6.5,-6.0,3907,0.00015026923076923076,52000000
0,-6.0,-5.5,7857,0.0003021923076923077,52000000
0,-5.5,-5.0,15790,0.0006073076923076923,52000000
0,-5.0,-4.5,30022,0.0011546923076923077,52000000
0,-4.5,-4.0,54282,0.0020877692307692307,52000000
0,-4.0,-3.5,95030,0.003655,52000000
0,-3.5,-3.0,160804,0.006184769230769231,52000000
0,-3.0,-2.5,260573,0.01002203846153846,52000000
0,-2.5,-2.0,407760,0.015683076923076925,52000000
0,-2.0,-1.5,611067,0.023502576923076925,52000000
0,-1.5,-1.0,884010,0.03400038461538461,52000000
0,-1.0,-0.5,1226172,0.04716046153846154,52000000
0,-0.5,0.0,1632061,0.06277157692307693,52000000
0,0.0,0.5,2096656,0.08064061538461538,52000000
0,0.5,1.0,2583854,0.099379,52000000
0,1.0,1.5,3066339,0.11793611538461539,52000000
0,1.5,2.0,3502965,0.13472942307692307,52000000
0,2.0,2.5,3839663,0.14767934615384615,52000000
0,2.5,3.0,4052158,0.15585223076923077,52000000
0,3.0,3.5,4104768,0.1578756923076923,52000000
0,3.5,4.0,4002539,0.1539438076923077,52000000
0,4.0,4.5,3758173,0.1445451153846154,52000000
0,4.5,5.0,3385337,0.13020526923076922,52000000
0,5.0,5.5,2932665,0.1127948076923077,52000000
0,5.5,6.0,2446247,0.09408642307692308,52000000
0,6.0,6.5,1959902,0.07538084615384616,52000000
0,6.5,7.0,1511336,0.058128307692307694,52000000
0,7.0,7.5,1117576,0.042983692307692306,52000000
0,7.5,8.0,797179,0.03066073076923077,52000000
0,8.0,8.5,546602,0.021023153846153848,52000000
0,8.5,9.0,359958,0.013844538461538462,52000000
0,9.0,9.5,227424,0.008747076923076923,52000000
0,9.5,10.0,138841,0.005340038461538461,52000000
0,10.0,10.5,81206,0.003123307692307692,52000000
0,10.5,11.0,46304,0.0017809230769230769,52000000
0,11.0,11.5,24831,0.0009550384615384615,52000000
0,11.5,12.0,12803,0.0004924230769230769,52000000
0,12.0,12.5,6414,0.0002466923076923077,52000000
0,12.5,13.0,3147,0.00012103846153846154,52000000
0,13.0,13.5,1362,5.238461538461538e-05,52000000
0,13.5,14.0,656,2.523076923076923e-05,52000000
0,14.0,14.5,269,1.0346153846153846e-05,52000000
0,14.5,15.0,115,4.423076923076923e-06,52000000
0,15.0,15.5,47,1.8076923076923078e-06,52000000
0,15.5,16.0,19,7.307692307692308e-07,52000000
0,16.0,16.5,7,2.692307692307692e-07,52000000
0,16.5,17.0,2,7.692307692307692e-08,52000000
0,17.0,17.5,1,3.846153846153846e-08,52000000
0,17.5,18.0,0,0.0,52000000
0,18.0,18.5,0,0.0,52000000
0,18.5,19.0,0,0.0,52000000
0,19.0,19.5,0,0.0,52000000
0,19.5,20.0,0,0.0,52000000
0,20.0,20.5,0,0.0,52000000
0,20.5,21.0,0,0.0,52000000
0,21.0,21.5,0,0.0,52000000
0,21.5,22.0,0,0.0,52000000
0,22.0,22.5,0,0.0,52000000
0,22.5,23.0,0,0.0,52000000
0,23.0,23.5,0,0.0,52000000
0,23.5,24.0,0,0.0,52000000
0,24.0,24.5,0,0.0,52000000
0,24.5,25.0,0,0.0,52000000
0,25.0,25.5,0,0.0,52000000
0,25.5,26.0,0,0.0,52000000
0,26.0,26.5,0,0.0,52000000
0,26.5,27.0,0,0.0,52000000
0,27.0,27.5,0,0.0,52000000
0,27.5,28.0,0,0.0,52000000
0,28.0,28.5,0,0.0,52000000
0,28.5,29.0,0,0.0,52000000
0,29.0,29.5,0,0.0,52000000
0,29.5,30.0,0,0.0,52000000
0,30.0,30.5,0,0.0,52000000
0,30.5,31.0,0,0.0,52000000
0,31.0,31.5,0,0.0,52000000
0,31.5,32.0,0,0.0,52000000
0,32.0,32.5,0,0.0,52000000
0,32.5,33.0,0,0.0,52000000
0,33.0,33.5,0,0.0,52000000
0,33.5,34.0,0,0.0,52000000
0,34.0,34.5,0,0.0,52000000
0,34.5,35.0,0,0.0,52000000
0,35.0,35.5,0,0.0,52000000
0,35.5,36.0,0,0.0,52000000
0,36.0,36.5,0,0.0,52000000
0,36.5,37.0,0,0.0,52000000
0,37.0,37.5,0,0.0,52000000
0,37.5,38.0,0,0.0,52000000
0,38.0,38.5,0,0.0,52000000
0,38.5,39.0,0,0.0,52000000
0,39.0,39.5,0,0.0,52000000
0,39.5,40.0,0,0.0,52000000
0,40.0,40.5,0,0.0,52000000
0,40.5,41.0,0,0.0,52000000
0,41.0,41.5,0,0.0,52000000
0,41.5,42.0,0,0.0,52000000
0,42.0,42.5,0,0.0,52000000
0,42.5,43.0,0,0.0,52000000
0,43.0,43.5,0,0.0,52000000
0,43.5,44.0,0,0.0,52000000
0,44.0,44.5,0,0.0,52000000
0,44.5,45.0,0,0.0,52000000
0,45.0,45.5,0,0.0,52000000
0,45.5,46.0,0,0.0,52000000
0,46.0,46.5,0,0.0,52000000
0,46.5,47.0,0,0.0,52000000
0,47.0,47.5,0,0.0,52000000
0,47.5,48.0,0,0.0,52000000
0,48.0,48.5,0,0.0,52000000
0,48.5,49.0,0,0.0,52000000
0,49.0,49.5,0,0.0,52000000
0,49.5,50.0,0,0.0,52000000
0,50.0,50.5,0,0.0,52000000
0,50.5,51.0,0,0.0,52000000
0,51.0,51.5,0,0.0,52000000
0,51.5,52.0,0,0.0,52000000
0,52.0,52.5,0,0.0,52000000
0,52.5,53.0,0,0.0,52000000
0,53.0,53.5,0,0.0,52000000
0,53.5,54.0,0,0.0,52000000
0,54.0,54.5,0,0.0,52000000
0,54.5,55.0,0,0.0,52000000
0,55.0,55.5,0,0.0,52000000
0,55.5,56.0,0,0.0,52000000
0,56.0,56.5,0,0.0,52000000
0,56.5,57.0,0,0.0,52000000
0,57.0,57.5,0,0.0,52000000
0,57.5,58.0,0,0.0,52000000
0,58.0,58.5,0,0.0,52000000
0,58.5,59.0,0,0.0,52000000
0,59.0,59.5,0,0.0,52000000
0,59.5,60.0,0,0.0,52000000
0,60.0,60.5,0,0.0,52000000
0,60.5,61.0,0,0.0,52000000
0,61.0,61.5,0,0.0,52000000
0,61.5,62.0,0,0.0,52000000
0,62.0,62.5,0,0.0,52000000
0,62.5,63.0,0,0.0,52000000
0,63.0,63.5,0,0.0,52000000
0,63.5,64.0,0,0.0,52000000
0,64.0,64.5,0,0.0,52000000
0,64.5,65.0,0,0.0,52000000
0,65.0,65.5,0,0.0,52000000
0,65.5,66.0,0,0.0,52000000
0,66.0,66.5,0,0.0,52000000
0,66.5,67.0,0,0.0,52000000
0,67.0,67.5,0,0.0,52000000
0,67.5,68.0,0,0.0,52000000
0,68.0,68.5,0,0.0,52000000
0,68.5,69.0,0,0.0,52000000
0,69.0,69.5,0,0.0,52000000
0,69.5,70.0,0,0.0,52000000
0,70.0,70.5,0,0.0,52000000
0,70.5,71.0,0,0.0,52000000
0,71.0,71.5,0,0.0,52000000
0,71.5,72.0,0,0.0,52000000
0,72.0,72.5,0,0.0,52000000
0,72.5,73.0,0,0.0,52000000
0,73.0,73.5,0,0.0,52000000
0,73.5,74.0,0,0.0,52000000
0,74.0,74.5,0,0.0,52000000
0,74.5,75.0,0,0.0,52000000
0,75.0,75.5,0,0.0,52000000
0,75.5,76.0,0,0.0,52000000
0,76.0,76.5,0,0.0,52000000
0,76.5,77.0,0,0.0,52000000
0,77.0,77.5,0,0.0,52000000
0,77.5,78.0,0,0.0,52000000
0,78.0,78.5,0,0.0,52000000
0,78.5,79.0,0,0.0,52000000
0,79.0,79.5,0,0.0,52000000
0,79.5,80.0,0,0.0,52000000
0,80.0,80.5,0,0.0,52000000
0,80.5,81.0,0,0.0,52000000
0,81.0,81.5,0,0.0,52000000
0,81.5,82.0,0,0.0,52000000
0,82.0,82.5,0,0.0,52000000
0,82.5,83.0,0,0.0,52000000
0,83.0,83.5,0,0.0,52000000
0,83.5,84.0,0,0.0,52000000
0,84.0,84.5,0,0.0,52000000
0,84.5,85.0,0,0.0,52000000
0,85.0,85.5,0,0.0,52000000
0,85.5,86.0,0,0.0,52000000
0,86.0,86.5,0,0.0,52000000
0,86.5,87.0,0,0.0,52000000
0,87.0,87.5,0,0.0,52000000
0,87.5,88.0,0,0.0,52000000
0,88.0,88.5,0,0.0,52000000
0,88.5,89.0,0,0.0,52000000
0,89.0,89.5,0,0.0,52000000
0,89.5,90.0,0,0.0,52000000
0,90.0,90.5,0,0.0,52000000
0,90.5,91.0,0,0.0,52000000
0,91.0,91.5,0,0.0,52000000
0,91.5,92.0,0,0.0,52000000
0,92.0,92.5,0,0.0,52000000
0,92.5,93.0,0,0.0,52000000
0,93.0,93.5,0,0.0,52000000
0,93.5,94.0,0,0.0,52000000
0,94.0,94.5,0,0.0,52000000
0,94.5,95.0,0,0.0,52000000
0,95.0,95.5,0,0.0,52000000
0,95.5,96.0,0,0.0,52000000
0,96.0,96.5,0,0.0,52000000
0,96.5,97.0,0,0.0,52000000
0,97.0,97.5,0,0.0,52000000
0,97.5,98.0,0,0.0,52000000
0,98.0,98.5,0,0.0,52000000
0,98.5,99.0,0,0.0,52000000
0,99.0,99.5,0,0.0,52000000
0,99.5,100.0,0,0.0,52000000
0,100.0,100.5,0,0.0,52000000
0,100.5,101.0,0,0.0,52000000
0,101.0,101.5,0,0.0,52000000
0,101.5,102.0,0,0.0,52000000
0,102.0,102.5,0,0.0,52000000
0,102.5,103.0,0,0.0,52000000
0,103.0,103.5,0,0.0,52000000
0,103.5,104.0,0,0.0,52000000
0,104.0,104.5,0,0.0,52000000
0,104.5,105.0,0,0.0,52000000
0,105.0,105.5,0,0.0,52000000
0,105.5,106.0,0,0.0,52000000
0,106.0,106.5,0,0.0,52000000
0,106.5,107.0,0,0.0,52000000
0,107.0,107.5,0,0.0,52000000
0,107.5,108.0,0,0.0,52000000
0,108.0,108.5,0,0.0,52000000
0,108.5,109.0,0,0.0,52000000
0,109.0,109.5,0,0.0,52000000
0,109.5,110.0,0,0.0,52000000
0,110.0,110.5,0,0.0,52000000
0,110.5,111.0,0,0.0,52000000
0,111.0,111.5,0,0.0,52000000
0,111.5,112.0,0,0.0,52000000
0,112.0,112.5,0,0.0,52000000
0,112.5,113.0,0,0.0,52000000
0,113.0,113.5,0,0.0,52000000
0,113.5,114.0,0,0.0,52000000
0,114.0,114.5,0,0.0,52000000
0,114.5,115.0,0,0.0,52000000
0,115.0,115.5,0,0.0,52000000
0,115.5,116.0,0,0.0,52000000
0,116.0,116.5,0,0.0,52000000
0,116.5,117.0,0,0.0,52000000
0,117.0,117.5,0,0.0,52000000
0,117.5,118.0,0,0.0,52000000
0,118.0,118.5,0,0.0,52000000
0,118.5,119.0,0,0.0,52000000
0,119.0,119.5,0,0.0,52000000
0,119.5,120.0,0,0.0,52000000
1,-120.0,-119.5,0,0.0,52000000
1,-119.5,-119.0,0,0.0,52000000
1,-119.0,-118.5,0,0.0,52000000
1,-118.5,-118.0,0,0.0,52000000
1,-118.0,-117.5,0,0.0,52000000
1,-117.5,-117.0,0,0.0,52000000
1,-117.0,-116.5,0,0.0,52000000
1,-116.5,-116.0,0,0.0,52000000
1,-116.0,-115.5,0,0.0,52000000
1,-115.5,-115.0,0,0.0,52000000
1,-115.0,-114.5,0,0.0,52000000
1,-114.5,-114.0,0,0.0,52000000
1,-114.0,-113.5,0,0.0,52000000
1,-113.5,-113.0,0,0.0,52000000
1,-113.0,-112.5,0,0.0,52000000
1,-112.5,-112.0,0,0.0,52000000
1,-112.0,-111.5,0,0.0,52000000
1,-111.5,-111.0,0,0.0,52000000
1,-111.0,-110.5,0,0.0,52000000
1,-110.5,-110.0,0,0.0,52000000
1,-110.0,-109.5,0,0.0,52000000
1,-109.5,-109.0,0,0.0,52000000
1,-109.0,-108.5,0,0.0,52000000
1,-108.5,-108.0,0,0.0,52000000
1,-108.0,-107.5,0,0.0,52000000
1,-107.5,-107.0,0,0.0,52000000
1,-107.0,-106.5,0,0.0,52000000
1,-106.5,-106.0,0,0.0,52000000
1,-106.0,-105.5,0,0.0,52000000
1,-105.5,-105.0,0,0.0,52000000
1,-105.0,-104.5,0,0.0,52000000
1,-104.5,-104.0,0,0.0,52000000
1,-104.0,-103.5,0,0.0,52000000
1,-103.5,-103.0,0,0.0,52000000
1,-103.0,-102.5,0,0.0,52000000
1,-102.5,-102.0,0,0.0,52000000
1,-102.0,-101.5,0,0.0,52000000
1,-101.5,-101.0,0,0.0,52000000
1,-101.0,-100.5,0,0.0,52000000
1,-100.5,-100.0,0,0.0,52000000
1,-100.0,-99.5,0,0.0,52000000
1,-99.5,-99.0,0,0.0,52000000
1,-99.0,-98.5,0,0.0,52000000
1,-98.5,-98.0,0,0.0,52000000
1,-98.0,-97.5,0,0.0,52000000
1,-97.5,-97.0,0,0.0,52000000
1,-97.0,-96.5,0,0.0,52000000
1,-96.5,-96.0,0,0.0,52000000
1,-96.0,-95.5,0,0.0,52000000
1,-95.5,-95.0,0,0.0,52000000
1,-95.0,-94.5,0,0.0,52000000
1,-94.5,-94.0,0,0.0,52000000
1,-94.0,-93.5,0,0.0,52000000
1,-93.5,-93.0,0,0.0,52000000
1,-93.0,-92.5,0,0.0,52000000
1,-92.5,-92.0,0,0.0,52000000
1,-92.0,-91.5,0,0.0,52000000
1,-91.5,-91.0,0,0.0,52000000
1,-91.0,-90.5,0,0.0,52000000
1,-90.5,-90.0,0,0.0,52000000
1,-90.0,-89.5,0,0.0,52000000
1,-89.5,-89.0,0,0.0,52000000
1,-89.0,-88.5,0,0.0,52000000
1,-88.5,-88.0,0,0.0,52000000
1,-88.0,-87.5,0,0.0,52000000
1,-87.5,-87.0,0,0.0,52000000
1,-87.0,-86.5,0,0.0,52000000
1,-86.5,-86.0,0,0.0,52000000
1,-86.0,-85.5,0,0.0,52000000
1,-85.5,-85.0,0,0.0,52000000
1,-85.0,-84.5,0,0.0,52000000
1,-84.5,-84.0,0,0.0,52000000
1,-84.0,-83.5,0,0.0,52000000
1,-83.5,-83.0,0,0.0,52000000
1,-83.0,-82.5,0,0.0,52000000
1,-82.5,-82.0,0,0.0,52000000
1,-82.0,-81.5,0,0.0,52000000
1,-81.5,-81.0,0,0.0,52000000
1,-81.0,-80.5,0,0.0,52000000
1,-80.5,-80.0,0,0.0,52000000
1,-80.0,-79.5,0,0.0,52000000
1,-79.5,-79.0,0,0.0,52000000
1,-79.0,-78.5,0,0.0,52000000
1,-78.5,-78.0,0,0.0,52000000
1,-78.0,-77.5,0,0.0,52000000
1,-77.5,-77.0,0,0.0,52000000
1,-77.0,-76.5,0,0.0,52000000
1,-76.5,-76.0,0,0.0,52000000
1,-76.0,-75.5,0,0.0,52000000
1,-75.5,-75.0,0,0.0,52000000
1,-75.0,-74.5,0,0.0,52000000
1,-74.5,-74.0,0,0.0,52000000
1,-74.0,-73.5,0,0.0,52000000
1,-73.5,-73.0,0,0.0,52000000
1,-73.0,-72.5,0,0.0,52000000
1,-72.5,-72.0,0,0.0,52000000
1,-72.0,-71.5,0,0.0,52000000
1,-71.5,-71.0,0,0.0,52000000
1,-71.0,-70.5,0,0.0,52000000
1,-70.5,-70.0,0,0.0,52000000
1,-70.0,-69.5,0,0.0,52000000
1,-69.5,-69.0,0,0.0,52000000
1,-69.0,-68.5,0,0.0,52000000
1,-68.5,-68.0,0,0.0,52000000
1,-68.0,-67.5,0,0.0,52000000
1,-67.5,-67.0,0,0.0,52000000
1,-67.0,-66.5,0,0.0,52000000
1,-66.5,-66.0,0,0.0,52000000
1,-66.0,-65.5,0,0.0,52000000
1,-65.5,-65.0,0,0.0,52000000
1,-65.0,-64.5,0,0.0,52000000
1,-64.5,-64.0,0,0.0,52000000
1,-64.0,-63.5,0,0.0,52000000
1,-63.5,-63.0,0,0.0,52000000
1,-63.0,-62.5,0,0.0,52000000
1,-62.5,-62.0,0,0.0,52000000
1,-62.0,-61.5,0,0.0,52000000
1,-61.5,-61.0,0,0.0,52000000
1,-61.0,-60.5,0,0.0,52000000
1,-60.5,-60.0,0,0.0,52000000
1,-60.0,-59.5,0,0.0,52000000
1,-59.5,-59.0,0,0.0,52000000
1,-59.0,-58.5,0,0.0,52000000
1,-58.5,-58.0,0,0.0,52000000
1,-58.0,-57.5,0,0.0,52000000
1,-57.5,-57.0,0,0.0,52000000
1,-57.0,-56.5,0,0.0,52000000
1,-56.5,-56.0,0,0.0,52000000
1,-56.0,-55.5,0,0.0,52000000
1,-55.5,-55.0,0,0.0,52000000
1,-55.0,-54.5,0,0.0,52000000
1,-54.5,-54.0,0,0.0,52000000
1,-54.0,-53.5,0,0.0,52000000
1,-53.5,-53.0,0,0.0,52000000
1,-53.0,-52.5,0,0.0,52000000
1,-52.5,-52.0,0,0.0,52000000
1,-52.0,-51.5,0,0.0,52000000
1,-51.5,-51.0,0,0.0,52000000
1,-51.0,-50.5,0,0.0,52000000
1,-50.5,-50.0,0,0.0,52000000
1,-50.0,-49.5,0,0.0,52000000
1,-49.5,-49.0,0,0.0,52000000
1,-49.0,-48.5,1,3.846153846153846e-08,52000000
1,-48.5,-48.0,1,3.846153846153846e-08,52000000
1,-48.0,-47.5,0,0.0,52000000
1,-47.5,-47.0,0,0.0,52000000
1,-47.0,-46.5,0,0.0,52000000
1,-46.5,-46.0,0,0.0,52000000
1,-46.0,-45.5,0,0.0,52000000
1,-45.5,-45.0,0,0.0,52000000
1,-45.0,-44.5,0,0.0,52000000
1,-44.5,-44.0,0,0.0,52000000
1,-44.0,-43.5,1,3.846153846153846e-08,52000000
1,-43.5,-43.0,0,0.0,52000000
1,-43.0,-42.5,0,0.0,52000000
1,-42.5,-42.0,0,0.0,52000000
1,-42.0,-41.5,0,0.0,52000000
1,-41.5,-41.0,0,0.0,52000000
1,-41.0,-40.5,0,0.0,52000000
1,-40.5,-40.0,0,0.0,52000000
1,-40.0,-39.5,0,0.0,52000000
1,-39.5,-39.0,0,0.0,52000000
1,-39.0,-38.5,0,0.0,52000000
1,-38.5,-38.0,2,7.692307692307692e-08,52000000
1,-38.0,-37.5,1,3.846153846153846e-08,52000000
1,-37.5,-37.0,1,3.846153846153846e-08,52000000
1,-37.0,-36.5,1,3.846153846153846e-08,52000000
1,-36.5,-36.0,0,0.0,52000000
1,-36.0,-35.5,1,3.846153846153846e-08,52000000
1,-35.5,-35.0,0,0.0,52000000
1,-35.0,-34.5,0,0.0,52000000
1,-34.5,-34.0,6,2.3076923076923078e-07,52000000
1,-34.0,-33.5,0,0.0,52000000
1,-33.5,-33.0,2,7.692307692307692e-08,52000000
1,-33.0,-32.5,0,0.0,52000000
1,-32.5,-32.0,0,0.0,52000000
1,-32.0,-31.5,1,3.846153846153846e-08,52000000
1,-31.5,-31.0,1,3.846153846153846e-08,52000000
1,-31.0,-30.5,2,7.692307692307692e-08,52000000
1,-30.5,-30.0,4,1.5384615384615385e-07,52000000
1,-30.0,-29.5,3,1.1538461538461539e-07,52000000
1,-29.5,-29.0,3,1.1538461538461539e-07,52000000
1,-29.0,-28.5,2,7.692307692307692e-08,52000000
1,-28.5,-28.0,1,3.846153846153846e-08,52000000
1,-28.0,-27.5,1,3.846153846153846e-08,52000000
1,-27.5,-27.0,1,3.846153846153846e-08,52000000
1,-27.0,-26.5,1,3.846153846153846e-08,52000000
1,-26.5,-26.0,4,1.5384615384615385e-07,52000000
1,-26.0,-25.5,4,1.5384615384615385e-07,52000000
1,-25.5,-25.0,2,7.692307692307692e-08,52000000
1,-25.0,-24.5,8,3.076923076923077e-07,52000000
1,-24.5,-24.0,3,1.1538461538461539e-07,52000000
1,-24.0,-23.5,3,1.1538461538461539e-07,52000000
1,-23.5,-23.0,3,1.1538461538461539e-07,52000000
1,-23.0,-22.5,8,3.076923076923077e-07,52000000
1,-22.5,-22.0,4,1.5384615384615385e-07,52000000
1,-22.0,-21.5,3,1.1538461538461539e-07,52000000
1,-21.5,-21.0,3,1.1538461538461539e-07,52000000
1,-21.0,-20.5,3,1.1538461538461539e-07,52000000
1,-20.5,-20.0,5,1.9230769230769231e-07,52000000
1,-20.0,-19.5,10,3.8461538461538463e-07,52000000
1,-19.5,-19.0,6,2.3076923076923078e-07,52000000
1,-19.0,-18.5,5,1.9230769230769231e-07,52000000
1,-18.5,-18.0,12,4.6153846153846156e-07,52000000
1,-18.0,-17.5,10,3.8461538461538463e-07,52000000
1,-17.5,-17.0,9,3.4615384615384616e-07,52000000
1,-17.0,-16.5,15,5.769230769230769e-07,52000000
1,-16.5,-16.0,19,7.307692307692308e-07,52000000
1,-16.0,-15.5,14,5.384615384615384e-07,52000000
1,-15.5,-15.0,29,1.1153846153846154e-06,52000000
1,-15.0,-14.5,27,1.0384615384615384e-06,52000000
1,-14.5,-14.0,44,1.6923076923076924e-06,52000000
1,-14.0,-13.5,55,2.1153846153846155e-06,52000000
1,-13.5,-13.0,56,2.1538461538461538e-06,52000000
1,-13.0,-12.5,66,2.5384615384615385e-06,52000000
1,-12.5,-12.0,88,3.3846153846153848e-06,52000000
1,-12.0,-11.5,95,3.653846153846154e-06,52000000
1,-11.5,-11.0,134,5.1538461538461534e-06,52000000
1,-11.0,-10.5,182,7e-06,52000000
1,-10.5,-10.0,214,8.23076923076923e-06,52000000
1,-10.0,-9.5,258,9.923076923076923e-06,52000000
1,-9.5,-9.0,350,1.3461538461538462e-05,52000000
1,-9.0,-8.5,379,1.4576923076923077e-05,52000000
1,-8.5,-8.0,531,2.0423076923076925e-05,52000000
1,-8.0,-7.5,703,2.7038461538461537e-05,52000000
1,-7.5,-7.0,840,3.230769230769231e-05,52000000
1,-7.0,-6.5,1092,4.2e-05,52000000
1,-6.5,-6.0,1464,5.630769230769231e-05,52000000
1,-6.0,-5.5,1736,6.676923076923078e-05,52000000
1,-5.5,-5.0,2271,8.734615384615385e-05,52000000
1,-5.0,-4.5,2687,0.00010334615384615384,52000000
1,-4.5,-4.0,3388,0.00013030769230769232,52000000
1,-4.0,-3.5,4095,0.0001575,52000000
1,-3.5,-3.0,4982,0.0001916153846153846,52000000
1,-3.0,-2.5,5893,0.00022665384615384615,52000000
1,-2.5,-2.0,7004,0.0002693846153846154,52000000
1,-2.0,-1.5,7979,0.0003068846153846154,52000000
1,-1.5,-1.0,9219,0.00035457692307692306,52000000
1,-1.0,-0.5,10668,0.0004103076923076923,52000000
1,-0.5,0.0,12411,0.00047734615384615383,52000000
1,0.0,0.5,17243,0.0006631923076923077,52000000
1,0.5,1.0,20403,0.0007847307692307692,52000000
1,1.0,1.5,23699,0.0009115,52000000
1,1.5,2.0,27268,0.0010487692307692307,52000000
1,2.0,2.5,32224,0.0012393846153846153,52000000
1,2.5,3.0,37297,0.0014345,52000000
1,3.0,3.5,43873,0.001687423076923077,52000000
1,3.5,4.0,50901,0.0019577307692307693,52000000
1,4.0,4.5,59290,0.0022803846153846155,52000000
1,4.5,5.0,67565,0.002598653846153846,52000000
1,5.0,5.5,77293,0.002972807692307692,52000000
1,5.5,6.0,87115,0.003350576923076923,52000000
1,6.0,6.5,98394,0.0037843846153846152,52000000
1,6.5,7.0,110664,0.004256307692307692,52000000
1,7.0,7.5,123320,0.004743076923076923,52000000
1,7.5,8.0,137004,0.005269384615384615,52000000
1,8.0,8.5,151355,0.0058213461538461535,52000000
1,8.5,9.0,166139,0.006389961538461539,52000000
1,9.0,9.5,182017,0.0070006538461538466,52000000
1,9.5,10.0,199321,0.007666192307692308,52000000
1,10.0,10.5,216304,0.008319384615384616,52000000
1,10.5,11.0,235039,0.009039961538461538,52000000
1,11.0,11.5,253983,0.009768576923076923,52000000
1,11.5,12.0,275747,0.010605653846153846,52000000
1,12.0,12.5,296218,0.011393,52000000
1,12.5,13.0,319404,0.012284769230769231,52000000
1,13.0,13.5,341686,0.013141769230769231,52000000
1,13.5,14.0,365827,0.01407026923076923,52000000
1,14.0,14.5,391350,0.015051923076923077,52000000
1,14.5,15.0,415817,0.01599296153846154,52000000
1,15.0,15.5,443267,0.01704873076923077,52000000
1,15.5,16.0,471034,0.01811669230769231,52000000
1,16.0,16.5,498195,0.019161346153846154,52000000
1,16.5,17.0,525486,0.020211,52000000
1,17.0,17.5,555878,0.021379923076923078,52000000
1,17.5,18.0,582837,0.02241680769230769,52000000
1,18.0,18.5,610867,0.023494884615384615,52000000
1,18.5,19.0,639665,0.0246025,52000000
1,19.0,19.5,665021,0.02557773076923077,52000000
1,19.5,20.0,692725,0.02664326923076923,52000000
1,20.0,20.5,717891,0.02761119230769231,52000000
1,20.5,21.0,742165,0.028544807692307692,52000000
1,21.0,21.5,764110,0.029388846153846154,52000000
1,21.5,22.0,786609,0.03025419230769231,52000000
1,22.0,22.5,805328,0.030974153846153846,52000000
1,22.5,23.0,823738,0.03168223076923077,52000000
1,23.0,23.5,838667,0.03225642307692308,52000000
1,23.5,24.0,852011,0.032769653846153844,52000000
1,24.0,24.5,863177,0.03319911538461538,52000000
1,24.5,25.0,873148,0.033582615384615384,52000000
1,25.0,25.5,879046,0.03380946153846154,52000000
1,25.5,26.0,883407,0.033977192307692305,52000000
1,26.0,26.5,886699,0.03410380769230769,52000000
1,26.5,27.0,888503,0.03417319230769231,52000000
1,27.0,27.5,883979,0.03399919230769231,52000000
1,27.5,28.0,881563,0.03390626923076923,52000000
1,28.0,28.5,875482,0.03367238461538462,52000000
1,28.5,29.0,869082,0.03342623076923077,52000000
1,29.0,29.5,860599,0.033099961538461536,52000000
1,29.5,30.0,852340,0.032782307692307694,52000000
1,30.0,30.5,840330,0.03232038461538461,52000000
1,30.5,31.0,827426,0.03182407692307692,52000000
1,31.0,31.5,814894,0.031342076923076924,52000000
1,31.5,32.0,797671,0.030679653846153846,52000000
1,32.0,32.5,782578,0.030099153846153845,52000000
1,32.5,33.0,765725,0.029450961538461537,52000000
1,33.0,33.5,748738,0.028797615384615383,52000000
1,33.5,34.0,728742,0.028028538461538462,52000000
1,34.0,34.5,710831,0.027339653846153847,52000000
1,34.5,35.0,692441,0.026632346153846152,52000000
1,35.0,35.5,671576,0.025829846153846155,52000000
1,35.5,36.0,652723,0.025104730769230768,52000000
1,36.0,36.5,632234,0.024316692307692307,52000000
1,36.5,37.0,611781,0.02353003846153846,52000000
1,37.0,37.5,591161,0.02273696153846154,52000000
1,37.5,38.0,570132,0.021928153846153847,52000000
1,38.0,38.5,552074,0.021233615384615386,52000000
1,38.5,39.0,531838,0.020455307692307693,52000000
1,39.0,39.5,512120,0.019696923076923077,52000000
1,39.5,40.0,492770,0.01895269230769231,52000000
1,40.0,40.5,474501,0.01825003846153846,52000000
1,40.5,41.0,454487,0.01748026923076923,52000000
1,41.0,41.5,437430,0.01682423076923077,52000000
1,41.5,42.0,419163,0.016121653846153845,52000000
1,42.0,42.5,401880,0.015456923076923076,52000000
1,42.5,43.0,386098,0.014849923076923077,52000000
1,43.0,43.5,368747,0.014182576923076923,52000000
1,43.5,44.0,352621,0.013562346153846154,52000000
1,44.0,44.5,337697,0.012988346153846154,52000000
1,44.5,45.0,323469,0.012441115384615384,52000000
1,45.0,45.5,310354,0.011936692307692308,52000000
1,45.5,46.0,296633,0.011408961538461538,52000000
1,46.0,46.5,284803,0.01095396153846154,52000000
1,46.5,47.0,272233,0.0104705,52000000
1,47.0,47.5,261108,0.010042615384615384,52000000
1,47.5,48.0,251355,0.0096675,52000000
1,48.0,48.5,240194,0.00923823076923077,52000000
1,48.5,49.0,230638,0.008870692307692307,52000000
1,49.0,49.5,221392,0.008515076923076924,52000000
1,49.5,50.0,213158,0.008198384615384616,52000000
1,50.0,50.5,204402,0.007861615384615385,52000000
1,50.5,51.0,197187,0.0075841153846153845,52000000
1,51.0,51.5,188569,0.007252653846153846,52000000
1,51.5,52.0,181762,0.006990846153846154,52000000
1,52.0,52.5,174649,0.006717269230769231,52000000
1,52.5,53.0,168031,0.006462730769230769,52000000
1,53.0,53.5,161399,0.006207653846153846,52000000
1,53.5,54.0,154865,0.005956346153846154,52000000
1,54.0,54.5,148454,0.005709769230769231,52000000
1,54.5,55.0,142882,0.0054954615384615385,52000000
1,55.0,55.5,136808,0.005261846153846154,52000000
1,55.5,56.0,130921,0.005035423076923077,52000000
1,56.0,56.5,125154,0.004813615384615385,52000000
1,56.5,57.0,120118,0.004619923076923077,52000000
1,57.0,57.5,114806,0.004415615384615385,52000000
1,57.5,58.0,111329,0.004281884615384615,52000000
1,58.0,58.5,105803,0.004069346153846153,52000000
1,58.5,59.0,101693,0.003911269230769231,52000000
1,59.0,59.5,97369,0.0037449615384615386,52000000
1,59.5,60.0,94200,0.003623076923076923,52000000
1,60.0,60.5,90996,0.0034998461538461537,52000000
1,60.5,61.0,87032,0.0033473846153846154,52000000
1,61.0,61.5,84115,0.003235192307692308,52000000
1,61.5,62.0,81214,0.0031236153846153844,52000000
1,62.0,62.5,78397,0.0030152692307692307,52000000
1,62.5,63.0,76361,0.0029369615384615385,52000000
1,63.0,63.5,73465,0.0028255769230769233,52000000
1,63.5,64.0,71000,0.0027307692307692306,52000000
1,64.0,64.5,68736,0.002643692307692308,52000000
1,64.5,65.0,66135,0.002543653846153846,52000000
1,65.0,65.5,63650,0.002448076923076923,52000000
1,65.5,66.0,61197,0.0023537307692307694,52000000
1,66.0,66.5,58877,0.0022645,52000000
1,66.5,67.0,56361,0.002167730769230769,52000000
1,67.0,67.5,53301,0.0020500384615384616,52000000
1,67.5,68.0,51045,0.0019632692307692307,52000000
1,68.0,68.5,47974,0.0018451538461538462,52000000
1,68.5,69.0,45091,0.0017342692307692309,52000000
1,69.0,69.5,42242,0.0016246923076923077,52000000
1,69.5,70.0,39167,0.0015064230769230769,52000000
1,70.0,70.5,36634,0.001409,52000000
1,70.5,71.0,33459,0.0012868846153846153,52000000
1,71.0,71.5,30959,0.0011907307692307692,52000000
1,71.5,72.0,28277,0.001087576923076923,52000000
1,72.0,72.5,25506,0.000981,52000000
1,72.5,73.0,23411,0.0009004230769230769,52000000
1,73.0,73.5,21115,0.0008121153846153847,52000000
1,73.5,74.0,19398,0.0007460769230769231,52000000
1,74.0,74.5,17244,0.0006632307692307693,52000000
1,74.5,75.0,15908,0.0006118461538461539,52000000
1,75.0,75.5,13980,0.0005376923076923077,52000000
1,75.5,76.0,12707,0.0004887307692307692,52000000
1,76.0,76.5,11370,0.0004373076923076923,52000000
1,76.5,77.0,10154,0.00039053846153846154,52000000
1,77.0,77.5,9128,0.0003510769230769231,52000000
1,77.5,78.0,8233,0.0003166538461538462,52000000
1,78.0,78.5,7156,0.00027523076923076926,52000000
1,78.5,79.0,6407,0.0002464230769230769,52000000
1,79.0,79.5,5597,0.00021526923076923077,52000000
1,79.5,80.0,4744,0.00018246153846153846,52000000
1,80.0,80.5,4149,0.0001595769230769231,52000000
1,80.5,81.0,3419,0.0001315,52000000
1,81.0,81.5,2882,0.00011084615384615385,52000000
1,81.5,82.0,2350,9.038461538461538e-05,52000000
1,82.0,82.5,1887,7.257692307692308e-05,52000000
1,82.5,83.0,1508,5.8e-05,52000000
1,83.0,83.5,1210,4.6538461538461536e-05,52000000
1,83.5,84.0,972,3.738461538461538e-05,52000000
1,84.0,84.5,705,2.7115384615384616e-05,52000000
1,84.5,85.0,481,1.85e-05,52000000
1,85.0,85.5,368,1.4153846153846155e-05,52000000
1,85.5,86.0,261,1.0038461538461539e-05,52000000
1,86.0,86.5,150,5.769230769230769e-06,52000000
1,86.5,87.0,141,5.423076923076923e-06,52000000
1,87.0,87.5,75,2.8846153846153845e-06,52000000
1,87.5,88.0,61,2.3461538461538463e-06,52000000
1,88.0,88.5,39,1.5e-06,52000000
1,88.5,89.0,20,7.692307692307693e-07,52000000
1,89.0,89.5,12,4.6153846153846156e-07,52000000
1,89.5,90.0,4,1.5384615384615385e-07,52000000
1,90.0,90.5,4,1.5384615384615385e-07,52000000
1,90.5,91.0,2,7.692307692307692e-08,52000000
1,91.0,91.5,1,3.846153846153846e-08,52000000
1,91.5,92.0,0,0.0,52000000
1,92.0,92.5,0,0.0,52000000
1,92.5,93.0,0,0.0,52000000
1,93.0,93.5,0,0.0,52000000
1,93.5,94.0,0,0.0,52000000
1,94.0,94.5,0,0.0,52000000
1,94.5,95.0,0,0.0,52000000
1,95.0,95.5,0,0.0,52000000
1,95.5,96.0,0,0.0,52000000
1,96.0,96.5,0,0.0,52000000
1,96.5,97.0,0,0.0,52000000
1,97.0,97.5,0,0.0,52000000
1,97.5,98.0,0,0.0,52000000
1,98.0,98.5,0,0.0,52000000
1,98.5,99.0,0,0.0,52000000
1,99.0,99.5,0,0.0,52000000
1,99.5,100.0,0,0.0,52000000
1,100.0,100.5,0,0.0,52000000
1,100.5,101.0,0,0.0,52000000
1,101.0,101.5,0,0.0,52000000
1,101.5,102.0,0,0.0,52000000
1,102.0,102.5,0,0.0,52000000
1,102.5,103.0,0,0.0,52000000
1,103.0,103.5,0,0.0,52000000
1,103.5,104.0,0,0.0,52000000
1,104.0,104.5,0,0.0,52000000
1,104.5,105.0,0,0.0,52000000
1,105.0,105.5,0,0.0,52000000
1,105.5,106.0,0,0.0,52000000
1,106.0,106.5,0,0.0,52000000
1,106.5,107.0,0,0.0,52000000
1,107.0,107.5,0,0.0,52000000
1,107.5,108.0,0,0.0,52000000
1,108.0,108.5,0,0.0,52000000
1,108.5,109.0,0,0.0,52000000
1,109.0,109.5,0,0.0,52000000
1,109.5,110.0,0,0.0,52000000
1,110.0,110.5,0,0.0,52000000
1,110.5,111.0,0,0.0,52000000
1,111.0,111.5,0,0.0,52000000
1,111.5,112.0,0,0.0,52000000
1,112.0,112.5,0,0.0,52000000
1,112.5,113.0,0,0.0,52000000
1,113.0,113.5,0,0.0,52000000
1,113.5,114.0,0,0.0,52000000
1,114.0,114.5,0,0.0,52000000
1,114.5,115.0,0,0.0,52000000
1,115.0,115.5,0,0.0,52000000
1,115.5,116.0,0,0.0,52000000
1,116.0,116.5,0,0.0,52000000
1,116.5,117.0,0,0.0,52000000
1,117.0,117.5,0,0.0,52000000
1,117.5,118.0,0,0.0,52000000
1,118.0,118.5,0,0.0,52000000
1,118.5,119.0,0,0.0,52000000
1,119.0,119.5,0,0.0,52000000
1,119.5,120.0,0,0.0,52000000
6,-120.0,-119.5,0,0.0,52000000
6,-119.5,-119.0,0,0.0,52000000
6,-119.0,-118.5,0,0.0,52000000
6,-118.5,-118.0,0,0.0,52000000
6,-118.0,-117.5,0,0.0,52000000
6,-117.5,-117.0,0,0.0,52000000
6,-117.0,-116.5,0,0.0,52000000
6,-116.5,-116.0,0,0.0,52000000
6,-116.0,-115.5,0,0.0,52000000
6,-115.5,-115.0,0,0.0,52000000
6,-115.0,-114.5,0,0.0,52000000
6,-114.5,-114.0,0,0.0,52000000
6,-114.0,-113.5,0,0.0,52000000
6,-113.5,-113.0,0,0.0,52000000
6,-113.0,-112.5,0,0.0,52000000
6,-112.5,-112.0,0,0.0,52000000
6,-112.0,-111.5,0,0.0,52000000
6,-111.5,-111.0,0,0.0,52000000
6,-111.0,-110.5,0,0.0,52000000
6,-110.5,-110.0,0,0.0,52000000
6,-110.0,-109.5,0,0.0,52000000
6,-109.5,-109.0,0,0.0,52000000
6,-109.0,-108.5,0,0.0,52000000
6,-108.5,-108.0,0,0.0,52000000
6,-108.0,-107.5,0,0.0,52000000
6,-107.5,-107.0,0,0.0,52000000
6,-107.0,-106.5,0,0.0,52000000
6,-106.5,-106.0,0,0.0,52000000
6,-106.0,-105.5,0,0.0,52000000
6,-105.5,-105.0,0,0.0,52000000
6,-105.0,-104.5,0,0.0,52000000
6,-104.5,-104.0,0,0.0,52000000
6,-104.0,-103.5,0,0.0,52000000
6,-103.5,-103.0,0,0.0,52000000
6,-103.0,-102.5,0,0.0,52000000
6,-102.5,-102.0,0,0.0,52000000
6,-102.0,-101.5,0,0.0,52000000
6,-101.5,-101.0,0,0.0,52000000
6,-101.0,-100.5,0,0.0,52000000
6,-100.5,-100.0,0,0.0,52000000
6,-100.0,-99.5,0,0.0,52000000
6,-99.5,-99.0,0,0.0,52000000
6,-99.0,-98.5,0,0.0,52000000
6,-98.5,-98.0,0,0.0,52000000
6,-98.0,-97.5,0,0.0,52000000
6,-97.5,-97.0,0,0.0,52000000
6,-97.0,-96.5,0,0.0,52000000
6,-96.5,-96.0,0,0.0,52000000
6,-96.0,-95.5,0,0.0,52000000
6,-95.5,-95.0,0,0.0,52000000
6,-95.0,-94.5,0,0.0,52000000
6,-94.5,-94.0,0,0.0,52000000
6,-94.0,-93.5,0,0.0,52000000
6,-93.5,-93.0,0,0.0,52000000
6,-93.0,-92.5,0,0.0,52000000
6,-92.5,-92.0,0,0.0,52000000
6,-92.0,-91.5,0,0.0,52000000
6,-91.5,-91.0,0,0.0,52000000
6,-91.0,-90.5,0,0.0,52000000
6,-90.5,-90.0,0,0.0,52000000
6,-90.0,-89.5,0,0.0,52000000
6,-89.5,-89.0,0,0.0,52000000
6,-89.0,-88.5,0,0.0,52000000
6,-88.5,-88.0,0,0.0,52000000
6,-88.0,-87.5,0,0.0,52000000
6,-87.5,-87.0,0,0.0,52000000
6,-87.0,-86.5,0,0.0,52000000
6,-86.5,-86.0,0,0.0,52000000
6,-86.0,-85.5,0,0.0,52000000
6,-85.5,-85.0,0,0.0,52000000
6,-85.0,-84.5,0,0.0,52000000
6,-84.5,-84.0,0,0.0,52000000
6,-84.0,-83.5,0,0.0,52000000
6,-83.5,-83.0,0,0.0,52000000
6,-83.0,-82.5,0,0.0,52000000
6,-82.5,-82.0,0,0.0,52000000
6,-82.0,-81.5,0,0.0,52000000
6,-81.5,-81.0,0,0.0,52000000
6,-81.0,-80.5,0,0.0,52000000
6,-80.5,-80.0,0,0.0,52000000
6,-80.0,-79.5,0,0.0,52000000
6,-79.5,-79.0,0,0.0,52000000
6,-79.0,-78.5,0,0.0,52000000
6,-78.5,-78.0,0,0.0,52000000
6,-78.0,-77.5,0,0.0,52000000
6,-77.5,-77.0,0,0.0,52000000
6,-77.0,-76.5,0,0.0,52000000
6,-76.5,-76.0,0,0.0,52000000
6,-76.0,-75.5,0,0.0,52000000
6,-75.5,-75.0,0,0.0,52000000
6,-75.0,-74.5,0,0.0,52000000
6,-74.5,-74.0,0,0.0,52000000
6,-74.0,-73.5,0,0.0,52000000
6,-73.5,-73.0,0,0.0,52000000
6,-73.0,-72.5,0,0.0,52000000
6,-72.5,-72.0,0,0.0,52000000
6,-72.0,-71.5,0,0.0,52000000
6,-71.5,-71.0,0,0.0,52000000
6,-71.0,-70.5,0,0.0,52000000
6,-70.5,-70.0,0,0.0,52000000
6,-70.0,-69.5,0,0.0,52000000
6,-69.5,-69.0,0,0.0,52000000
6,-69.0,-68.5,0,0.0,52000000
6,-68.5,-68.0,0,0.0,52000000
6,-68.0,-67.5,0,0.0,52000000
6,-67.5,-67.0,0,0.0,52000000
6,-67.0,-66.5,0,0.0,52000000
6,-66.5,-66.0,0,0.0,52000000
6,-66.0,-65.5,0,0.0,52000000
6,-65.5,-65.0,0,0.0,52000000
6,-65.0,-64.5,0,0.0,52000000
6,-64.5,-64.0,0,0.0,52000000
6,-64.0,-63.5,0,0.0,52000000
6,-63.5,-63.0,0,0.0,52000000
6,-63.0,-62.5,0,0.0,52000000
6,-62.5,-62.0,0,0.0,52000000
6,-62.0,-61.5,0,0.0,52000000
6,-61.5,-61.0,1,3.846153846153846e-08,52000000
6,-61.0,-60.5,0,0.0,52000000
6,-60.5,-60.0,0,0.0,52000000
6,-60.0,-59.5,0,0.0,52000000
6,-59.5,-59.0,0,0.0,52000000
6,-59.0,-58.5,0,0.0,52000000
6,-58.5,-58.0,0,0.0,52000000
6,-58.0,-57.5,0,0.0,52000000
6,-57.5,-57.0,0,0.0,52000000
6,-57.0,-56.5,0,0.0,52000000
6,-56.5,-56.0,0,0.0,52000000
6,-56.0,-55.5,0,0.0,52000000
6,-55.5,-55.0,1,3.846153846153846e-08,52000000
6,-55.0,-54.5,0,0.0,52000000
6,-54.5,-54.0,0,0.0,52000000
6,-54.0,-53.5,0,0.0,52000000
6,-53.5,-53.0,0,0.0,52000000
6,-53.0,-52.5,1,3.846153846153846e-08,52000000
6,-52.5,-52.0,0,0.0,52000000
6,-52.0,-51.5,0,0.0,52000000
6,-51.5,-51.0,1,3.846153846153846e-08,52000000
6,-51.0,-50.5,0,0.0,52000000
6,-50.5,-50.0,0,0.0,52000000
6,-50.0,-49.5,0,0.0,52000000
6,-49.5,-49.0,0,0.0,52000000
6,-49.0,-48.5,0,0.0,52000000
6,-48.5,-48.0,0,0.0,52000000
6,-48.0,-47.5,0,0.0,52000000
6,-47.5,-47.0,1,3.846153846153846e-08,52000000
6,-47.0,-46.5,2,7.692307692307692e-08,52000000
6,-46.5,-46.0,2,7.692307692307692e-08,52000000
6,-46.0,-45.5,1,3.846153846153846e-08,52000000
6,-45.5,-45.0,0,0.0,52000000
6,-45.0,-44.5,0,0.0,52000000
6,-44.5,-44.0,0,0.0,52000000
6,-44.0,-43.5,0,0.0,52000000
6,-43.5,-43.0,0,0.0,52000000
6,-43.0,-42.5,1,3.846153846153846e-08,52000000
6,-42.5,-42.0,1,3.846153846153846e-08,52000000
6,-42.0,-41.5,0,0.0,52000000
6,-41.5,-41.0,1,3.846153846153846e-08,52000000
6,-41.0,-40.5,0,0.0,52000000
6,-40.5,-40.0,0,0.0,52000000
6,-40.0,-39.5,1,3.846153846153846e-08,52000000
6,-39.5,-39.0,0,0.0,52000000
6,-39.0,-38.5,0,0.0,52000000
6,-38.5,-38.0,0,0.0,52000000
6,-38.0,-37.5,0,0.0,52000000
6,-37.5,-37.0,1,3.846153846153846e-08,52000000
6,-37.0,-36.5,0,0.0,52000000
6,-36.5,-36.0,0,0.0,52000000
6,-36.0,-35.5,1,3.846153846153846e-08,52000000
6,-35.5,-35.0,2,7.692307692307692e-08,52000000
6,-35.0,-34.5,0,0.0,52000000
6,-34.5,-34.0,4,1.5384615384615385e-07,52000000
6,-34.0,-33.5,6,2.3076923076923078e-07,52000000
6,-33.5,-33.0,2,7.692307692307692e-08,52000000
6,-33.0,-32.5,3,1.1538461538461539e-07,52000000
6,-32.5,-32.0,4,1.5384615384615385e-07,52000000
6,-32.0,-31.5,4,1.5384615384615385e-07,52000000
6,-31.5,-31.0,2,7.692307692307692e-08,52000000
6,-31.0,-30.5,6,2.3076923076923078e-07,52000000
6,-30.5,-30.0,2,7.692307692307692e-08,52000000
6,-30.0,-29.5,1,3.846153846153846e-08,52000000
6,-29.5,-29.0,6,2.3076923076923078e-07,52000000
6,-29.0,-28.5,3,1.1538461538461539e-07,52000000
6,-28.5,-28.0,5,1.9230769230769231e-07,52000000
6,-28.0,-27.5,10,3.8461538461538463e-07,52000000
6,-27.5,-27.0,9,3.4615384615384616e-07,52000000
6,-27.0,-26.5,3,1.1538461538461539e-07,52000000
6,-26.5,-26.0,11,4.230769230769231e-07,52000000
6,-26.0,-25.5,10,3.8461538461538463e-07,52000000
6,-25.5,-25.0,17,6.538461538461538e-07,52000000
6,-25.0,-24.5,12,4.6153846153846156e-07,52000000
6,-24.5,-24.0,17,6.538461538461538e-07,52000000
6,-24.0,-23.5,14,5.384615384615384e-07,52000000
6,-23.5,-23.0,22,8.461538461538462e-07,52000000
6,-23.0,-22.5,23,8.846153846153847e-07,52000000
6,-22.5,-22.0,29,1.1153846153846154e-06,52000000
6,-22.0,-21.5,24,9.230769230769231e-07,52000000
6,-21.5,-21.0,24,9.230769230769231e-07,52000000
6,-21.0,-20.5,36,1.3846153846153846e-06,52000000
6,-20.5,-20.0,27,1.0384615384615384e-06,52000000
6,-20.0,-19.5,39,1.5e-06,52000000
6,-19.5,-19.0,41,1.576923076923077e-06,52000000
6,-19.0,-18.5,57,2.1923076923076925e-06,52000000
6,-18.5,-18.0,58,2.2307692307692307e-06,52000000
6,-18.0,-17.5,73,2.8076923076923075e-06,52000000
6,-17.5,-17.0,80,3.076923076923077e-06,52000000
6,-17.0,-16.5,76,2.923076923076923e-06,52000000
6,-16.5,-16.0,95,3.653846153846154e-06,52000000
6,-16.0,-15.5,97,3.7307692307692308e-06,52000000
6,-15.5,-15.0,117,4.5e-06,52000000
6,-15.0,-14.5,132,5.076923076923077e-06,52000000
6,-14.5,-14.0,168,6.461538461538462e-06,52000000
6,-14.0,-13.5,171,6.576923076923077e-06,52000000
6,-13.5,-13.0,199,7.653846153846154e-06,52000000
6,-13.0,-12.5,222,8.538461538461538e-06,52000000
6,-12.5,-12.0,241,9.269230769230768e-06,52000000
6,-12.0,-11.5,251,9.653846153846154e-06,52000000
6,-11.5,-11.0,245,9.423076923076923e-06,52000000
6,-11.0,-10.5,299,1.15e-05,52000000
6,-10.5,-10.0,326,1.2538461538461538e-05,52000000
6,-10.0,-9.5,349,1.3423076923076924e-05,52000000
6,-9.5,-9.0,371,1.426923076923077e-05,52000000
6,-9.0,-8.5,330,1.2692307692307693e-05,52000000
6,-8.5,-8.0,398,1.5307692307692308e-05,52000000
6,-8.0,-7.5,398,1.5307692307692308e-05,52000000
6,-7.5,-7.0,435,1.673076923076923e-05,52000000
6,-7.0,-6.5,450,1.730769230769231e-05,52000000
6,-6.5,-6.0,443,1.7038461538461538e-05,52000000
6,-6.0,-5.5,441,1.6961538461538462e-05,52000000
6,-5.5,-5.0,438,1.6846153846153845e-05,52000000
6,-5.0,-4.5,476,1.8307692307692307e-05,52000000
6,-4.5,-4.0,435,1.673076923076923e-05,52000000
6,-4.0,-3.5,536,2.0615384615384614e-05,52000000
6,-3.5,-3.0,496,1.9076923076923077e-05,52000000
6,-3.0,-2.5,520,2e-05,52000000
6,-2.5,-2.0,495,1.903846153846154e-05,52000000
6,-2.0,-1.5,506,1.9461538461538462e-05,52000000
6,-1.5,-1.0,556,2.1384615384615384e-05,52000000
6,-1.0,-0.5,613,2.3576923076923078e-05,52000000
6,-0.5,0.0,638,2.4538461538461537e-05,52000000
6,0.0,0.5,3989,0.00015342307692307693,52000000
6,0.5,1.0,5027,0.00019334615384615384,52000000
6,1.0,1.5,6372,0.00024507692307692305,52000000
6,1.5,2.0,7727,0.0002971923076923077,52000000
6,2.0,2.5,9708,0.0003733846153846154,52000000
6,2.5,3.0,11463,0.0004408846153846154,52000000
6,3.0,3.5,14433,0.0005551153846153846,52000000
6,3.5,4.0,17403,0.0006693461538461538,52000000
6,4.0,4.5,21393,0.0008228076923076923,52000000
6,4.5,5.0,25422,0.0009777692307692308,52000000
6,5.0,5.5,29960,0.0011523076923076923,52000000
6,5.5,6.0,35342,0.0013593076923076922,52000000
6,6.0,6.5,41603,0.0016001153846153845,52000000
6,6.5,7.0,48861,0.0018792692307692308,52000000
6,7.0,7.5,57022,0.002193153846153846,52000000
6,7.5,8.0,66687,0.0025648846153846156,52000000
6,8.0,8.5,77011,0.0029619615384615383,52000000
6,8.5,9.0,88249,0.0033941923076923077,52000000
6,9.0,9.5,100727,0.0038741153846153847,52000000
6,9.5,10.0,116036,0.004462923076923077,52000000
6,10.0,10.5,130592,0.005022769230769231,52000000
6,10.5,11.0,148120,0.005696923076923077,52000000
6,11.0,11.5,167336,0.006436,52000000
6,11.5,12.0,188501,0.007250038461538461,52000000
6,12.0,12.5,209577,0.008060653846153846,52000000
6,12.5,13.0,234071,0.00900273076923077,52000000
6,13.0,13.5,258878,0.009956846153846155,52000000
6,13.5,14.0,285731,0.010989653846153847,52000000
6,14.0,14.5,313919,0.012073807692307693,52000000
6,14.5,15.0,342747,0.013182576923076924,52000000
6,15.0,15.5,374221,0.014393115384615384,52000000
6,15.5,16.0,406878,0.015649153846153847,52000000
6,16.0,16.5,438385,0.01686096153846154,52000000
6,16.5,17.0,471152,0.018121230769230768,52000000
6,17.0,17.5,506002,0.019461615384615386,52000000
6,17.5,18.0,537736,0.020682153846153847,52000000
6,18.0,18.5,571717,0.021989115384615385,52000000
6,18.5,19.0,604905,0.023265576923076924,52000000
6,19.0,19.5,635495,0.024442115384615385,52000000
6,19.5,20.0,667993,0.02569203846153846,52000000
6,20.0,20.5,697749,0.0268365,52000000
6,20.5,21.0,725964,0.027921692307692307,52000000
6,21.0,21.5,752778,0.028953,52000000
6,21.5,22.0,779322,0.02997392307692308,52000000
6,22.0,22.5,801971,0.030845038461538462,52000000
6,22.5,23.0,824430,0.03170884615384616,52000000
6,23.0,23.5,841901,0.032380807692307695,52000000
6,23.5,24.0,858736,0.03302830769230769,52000000
6,24.0,24.5,872938,0.03357453846153846,52000000
6,24.5,25.0,885833,0.0340705,52000000
6,25.0,25.5,894734,0.034412846153846155,52000000
6,25.5,26.0,901595,0.03467673076923077,52000000
6,26.0,26.5,907235,0.034893653846153845,52000000
6,26.5,27.0,911223,0.03504703846153846,52000000
6,27.0,27.5,909041,0.034963115384615384,52000000
6,27.5,28.0,908747,0.03495180769230769,52000000
6,28.0,28.5,904246,0.03477869230769231,52000000
6,28.5,29.0,899415,0.034592884615384616,52000000
6,29.0,29.5,892787,0.03433796153846154,52000000
6,29.5,30.0,885854,0.03407130769230769,52000000
6,30.0,30.5,874593,0.033638192307692306,52000000
6,30.5,31.0,863039,0.03319380769230769,52000000
6,31.0,31.5,851206,0.03273869230769231,52000000
6,31.5,32.0,835383,0.03213011538461538,52000000
6,32.0,32.5,820317,0.031550653846153846,52000000
6,32.5,33.0,804844,0.03095553846153846,52000000
6,33.0,33.5,788068,0.030310307692307692,52000000
6,33.5,34.0,768259,0.029548423076923076,52000000
6,34.0,34.5,750920,0.028881538461538462,52000000
6,34.5,35.0,733121,0.02819696153846154,52000000
6,35.0,35.5,712389,0.027399576923076922,52000000
6,35.5,36.0,693251,0.0266635,52000000
6,36.0,36.5,673104,0.025888615384615385,52000000
6,36.5,37.0,652340,0.02509,52000000
6,37.0,37.5,631661,0.024294653846153848,52000000
6,37.5,38.0,610711,0.023488884615384616,52000000
6,38.0,38.5,591773,0.0227605,52000000
6,38.5,39.0,571794,0.021992076923076923,52000000
6,39.0,39.5,551657,0.021217576923076922,52000000
6,39.5,40.0,531735,0.020451346153846153,52000000
6,40.0,40.5,512880,0.019726153846153845,52000000
6,40.5,41.0,492421,0.018939269230769232,52000000
6,41.0,41.5,474827,0.018262576923076923,52000000
6,41.5,42.0,455932,0.017535846153846155,52000000
6,42.0,42.5,437973,0.016845115384615385,52000000
6,42.5,43.0,421482,0.016210846153846156,52000000
6,43.0,43.5,403151,0.015505807692307692,52000000
6,43.5,44.0,386915,0.014881346153846153,52000000
6,44.0,44.5,371176,0.014276,52000000
6,44.5,45.0,356228,0.013701076923076923,52000000
6,45.0,45.5,342167,0.01316026923076923,52000000
6,45.5,46.0,328024,0.012616307692307692,52000000
6,46.0,46.5,315572,0.012137384615384616,52000000
6,46.5,47.0,302111,0.011619653846153846,52000000
6,47.0,47.5,290421,0.011170038461538462,52000000
6,47.5,48.0,280316,0.010781384615384615,52000000
6,48.0,48.5,267901,0.010303884615384616,52000000
6,48.5,49.0,258061,0.009925423076923076,52000000
6,49.0,49.5,248049,0.009540346153846154,52000000
6,49.5,50.0,239396,0.009207538461538461,52000000
6,50.0,50.5,230021,0.008846961538461538,52000000
6,50.5,51.0,222226,0.008547153846153847,52000000
6,51.0,51.5,213330,0.008205,52000000
6,51.5,52.0,205405,0.007900192307692308,52000000
6,52.0,52.5,197909,0.007611884615384615,52000000
6,52.5,53.0,190396,0.007322923076923077,52000000
6,53.0,53.5,183387,0.007053346153846154,52000000
6,53.5,54.0,175921,0.006766192307692307,52000000
6,54.0,54.5,168587,0.006484115384615385,52000000
6,54.5,55.0,162791,0.006261192307692308,52000000
6,55.0,55.5,156078,0.006003,52000000
6,55.5,56.0,149615,0.005754423076923077,52000000
6,56.0,56.5,143187,0.0055071923076923076,52000000
6,56.5,57.0,137523,0.005289346153846154,52000000
6,57.0,57.5,131545,0.005059423076923077,52000000
6,57.5,58.0,127349,0.0048980384615384615,52000000
6,58.0,58.5,121421,0.004670038461538462,52000000
6,58.5,59.0,116544,0.0044824615384615385,52000000
6,59.0,59.5,111810,0.004300384615384616,52000000
6,59.5,60.0,108300,0.004165384615384615,52000000
6,60.0,60.5,104413,0.004015884615384616,52000000
6,60.5,61.0,100008,0.0038464615384615386,52000000
6,61.0,61.5,96525,0.0037125,52000000
6,61.5,62.0,93277,0.003587576923076923,52000000
6,62.0,62.5,90208,0.0034695384615384614,52000000
6,62.5,63.0,87915,0.003381346153846154,52000000
6,63.0,63.5,84489,0.003249576923076923,52000000
6,63.5,64.0,81663,0.0031408846153846153,52000000
6,64.0,64.5,78995,0.0030382692307692307,52000000
6,64.5,65.0,76176,0.002929846153846154,52000000
6,65.0,65.5,73224,0.002816307692307692,52000000
6,65.5,66.0,70571,0.0027142692307692306,52000000
6,66.0,66.5,67631,0.002601192307692308,52000000
6,66.5,67.0,64855,0.002494423076923077,52000000
6,67.0,67.5,61389,0.0023611153846153847,52000000
6,67.5,68.0,58612,0.002254307692307692,52000000
6,68.0,68.5,55138,0.002120692307692308,52000000
6,68.5,69.0,51946,0.001997923076923077,52000000
6,69.0,69.5,48457,0.0018637307692307692,52000000
6,69.5,70.0,44916,0.0017275384615384616,52000000
6,70.0,70.5,42127,0.0016202692307692307,52000000
6,70.5,71.0,38460,0.0014792307692307691,52000000
6,71.0,71.5,35485,0.0013648076923076923,52000000
6,71.5,72.0,32376,0.0012452307692307693,52000000
6,72.0,72.5,29286,0.0011263846153846155,52000000
6,72.5,73.0,26796,0.0010306153846153846,52000000
6,73.0,73.5,24148,0.0009287692307692307,52000000
6,73.5,74.0,22129,0.0008511153846153846,52000000
6,74.0,74.5,19745,0.0007594230769230769,52000000
6,74.5,75.0,18094,0.0006959230769230769,52000000
6,75.0,75.5,15912,0.000612,52000000
6,75.5,76.0,14479,0.0005568846153846153,52000000
6,76.0,76.5,12987,0.0004995,52000000
6,76.5,77.0,11474,0.0004413076923076923,52000000
6,77.0,77.5,10440,0.00040153846153846153,52000000
6,77.5,78.0,9337,0.0003591153846153846,52000000
6,78.0,78.5,8096,0.0003113846153846154,52000000
6,78.5,79.0,7251,0.00027888461538461536,52000000
6,79.0,79.5,6371,0.0002450384615384615,52000000
6,79.5,80.0,5358,0.00020607692307692308,52000000
6,80.0,80.5,4693,0.0001805,52000000
6,80.5,81.0,3837,0.00014757692307692307,52000000
6,81.0,81.5,3227,0.00012411538461538463,52000000
6,81.5,82.0,2649,0.00010188461538461538,52000000
6,82.0,82.5,2111,8.119230769230769e-05,52000000
6,82.5,83.0,1666,6.407692307692307e-05,52000000
6,83.0,83.5,1364,5.2461538461538464e-05,52000000
6,83.5,84.0,1099,4.226923076923077e-05,52000000
6,84.0,84.5,775,2.9807692307692308e-05,52000000
6,84.5,85.0,518,1.9923076923076923e-05,52000000
6,85.0,85.5,413,1.5884615384615386e-05,52000000
6,85.5,86.0,279,1.0730769230769231e-05,52000000
6,86.0,86.5,163,6.269230769230769e-06,52000000
6,86.5,87.0,149,5.730769230769231e-06,52000000
6,87.0,87.5,82,3.153846153846154e-06,52000000
6,87.5,88.0,61,2.3461538461538463e-06,52000000
6,88.0,88.5,41,1.576923076923077e-06,52000000
6,88.5,89.0,21,8.076923076923077e-07,52000000
6,89.0,89.5,13,5e-07,52000000
6,89.5,90.0,4,1.5384615384615385e-07,52000000
6,90.0,90.5,5,1.9230769230769231e-07,52000000
6,90.5,91.0,2,7.692307692307692e-08,52000000
6,91.0,91.5,1,3.846153846153846e-08,52000000
6,91.5,92.0,0,0.0,52000000
6,92.0,92.5,0,0.0,52000000
6,92.5,93.0,0,0.0,52000000
6,93.0,93.5,0,0.0,52000000
6,93.5,94.0,0,0.0,52000000
6,94.0,94.5,0,0.0,52000000
6,94.5,95.0,0,0.0,52000000
6,95.0,95.5,0,0.0,52000000
6,95.5,96.0,0,0.0,52000000
6,96.0,96.5,0,0.0,52000000
6,96.5,97.0,0,0.0,52000000
6,97.0,97.5,0,0.0,52000000
6,97.5,98.0,0,0.0,52000000
6,98.0,98.5,0,0.0,52000000
6,98.5,99.0,0,0.0,52000000
6,99.0,99.5,0,0.0,52000000
6,99.5,100.0,0,0.0,52000000
6,100.0,100.5,0,0.0,52000000
6,100.5,101.0,0,0.0,52000000
6,101.0,101.5,0,0.0,52000000
6,101.5,102.0,0,0.0,52000000
6,102.0,102.5,0,0.0,52000000
6,102.5,103.0,0,0.0,52000000
6,103.0,103.5,0,0.0,52000000
6,103.5,104.0,0,0.0,52000000
6,104.0,104.5,0,0.0,52000000
6,104.5,105.0,0,0.0,52000000
6,105.0,105.5,0,0.0,52000000
6,105.5,106.0,0,0.0,52000000
6,106.0,106.5,0,0.0,52000000
6,106.5,107.0,0,0.0,52000000
6,107.0,107.5,0,0.0,52000000
6,107.5,108.0,0,0.0,52000000
6,108.0,108.5,0,0.0,52000000
6,108.5,109.0,0,0.0,52000000
6,109.0,109.5,0,0.0,52000000
6,109.5,110.0,0,0.0,52000000
6,110.0,110.5,0,0.0,52000000
6,110.5,111.0,0,0.0,52000000
6,111.0,111.5,0,0.0,52000000
6,111.5,112.0,0,0.0,52000000
6,112.0,112.5,0,0.0,52000000
6,112.5,113.0,0,0.0,52000000
6,113.0,113.5,0,0.0,52000000
6,113.5,114.0,0,0.0,52000000
6,114.0,114.5,0,0.0,52000000
6,114.5,115.0,0,0.0,52000000
6,115.0,115.5,0,0.0,52000000
6,115.5,116.0,0,0.0,52000000
6,116.0,116.5,0,0.0,52000000
6,116.5,117.0,0,0.0,52000000
6,117.0,117.5,0,0.0,52000000
6,117.5,118.0,0,0.0,52000000
6,118.0,118.5,0,0.0,52000000
6,118.5,119.0,0,0.0,52000000
6,119.0,119.5,0,0.0,52000000
6,119.5,120.0,0,0.0,52000000
