snr_db,method,samples,mean_ordinary_stage_ms,mean_byt5_pipeline_ms,mean_assisted_bp_ms,mean_semantic_update_ms,mean_other_ms,mean_profile_end_to_end_ms,mean_matched_primary_ms,profile_to_primary_ratio,note
2,LDPC-BP,100,7.276961999982632,0.0,0.0,0.0,0.04062400002567301,7.317586000008305,7.33652833332999,0.9974180794428845,Diagnostic split-kernel path; ratio includes instrumentation and run-to-run variation; not an overhead-corrected estimate
2,LM-Top1,100,7.2091170000157945,18.902526999977454,0.0,0.0,0.0809580000304777,26.192602000023726,57.75517633333361,0.45351090002484457,Diagnostic split-kernel path; ratio includes instrumentation and run-to-run variation; not an overhead-corrected estimate
2,BM-BP,100,7.3200109999879714,35.028580000002876,4.475656999925377,1.9679900001483475,0.2872169999545804,49.07945500001915,93.09521299999123,0.5271963339299065,Diagnostic split-kernel path; ratio includes instrumentation and run-to-run variation; not an overhead-corrected estimate
2,SF-BP,100,7.245114999991529,31.476538999991135,3.3629820001624466,30.069650000109505,0.2903489997379438,72.44463499999256,112.12114399999095,0.6461282182422113,Diagnostic split-kernel path; ratio includes instrumentation and run-to-run variation; not an overhead-corrected estimate
3,LDPC-BP,100,7.3733590000119875,0.0,0.0,0.0,0.0501589999657881,7.423517999977776,7.494542000019161,0.9905232367713459,Diagnostic split-kernel path; ratio includes instrumentation and run-to-run variation; not an overhead-corrected estimate
3,LM-Top1,100,7.311098999944079,59.69584699999359,0.0,0.0,0.10115600008248293,67.10810200002015,61.9417446666633,1.0834067132135101,Diagnostic split-kernel path; ratio includes instrumentation and run-to-run variation; not an overhead-corrected estimate
3,BM-BP,100,7.37722600001689,65.48677100005989,0.7727779999459017,1.4284209999732411,0.2350529999603168,75.30024899995624,70.58088533334285,1.0668646141844855,Diagnostic split-kernel path; ratio includes instrumentation and run-to-run variation; not an overhead-corrected estimate
3,SF-BP,100,7.388672000042789,65.261163999985,0.7040460001280735,6.179053999985626,0.2630629998202494,79.79599899996174,76.03926899998592,1.049405130393567,Diagnostic split-kernel path; ratio includes instrumentation and run-to-run variation; not an overhead-corrected estimate
4,LDPC-BP,100,7.2709320000376465,0.0,0.0,0.0,0.04374999998617568,7.314682000023822,7.28618200000407,1.0039115136047572,Diagnostic split-kernel path; ratio includes instrumentation and run-to-run variation; not an overhead-corrected estimate
4,LM-Top1,100,7.233107000001837,57.9432039999665,0.0,0.0,0.09169699999802106,65.26800799996636,61.55676566669474,1.0602897552052444,Diagnostic split-kernel path; ratio includes instrumentation and run-to-run variation; not an overhead-corrected estimate
4,BM-BP,100,7.268538999987868,63.030810000009296,0.5149619999883726,1.4706239998395176,0.22374900015165622,72.50868399997671,71.13542300001427,1.0193048827440327,Diagnostic split-kernel path; ratio includes instrumentation and run-to-run variation; not an overhead-corrected estimate
4,SF-BP,100,7.115020000019285,62.86533600002258,0.5118949998632161,4.716800000114745,0.22878900002979208,75.43784000004962,74.8132293333098,1.008348933367881,Diagnostic split-kernel path; ratio includes instrumentation and run-to-run variation; not an overhead-corrected estimate
5,LDPC-BP,100,4.9582590000318305,0.0,0.0,0.0,0.03362600002219551,4.991885000054026,5.135369333305183,0.9720595883297825,Diagnostic split-kernel path; ratio includes instrumentation and run-to-run variation; not an overhead-corrected estimate
5,LM-Top1,100,4.892857999911939,31.283112000073743,0.0,0.0,0.058927000100084115,36.234897000085766,33.43116466668713,1.0838658288262522,Diagnostic split-kernel path; ratio includes instrumentation and run-to-run variation; not an overhead-corrected estimate
5,BM-BP,100,5.010253000000375,34.18534999998883,0.21930599999905098,0.7702529998459795,0.12837000020226697,40.3135320000365,38.485916999955705,1.0474878901828661,Diagnostic split-kernel path; ratio includes instrumentation and run-to-run variation; not an overhead-corrected estimate
5,SF-BP,100,5.1125429999956395,33.784859999923356,0.21981199975925847,2.0468049999726645,0.12957400036611944,41.29359400001704,40.03372399998929,1.0314702174603612,Diagnostic split-kernel path; ratio includes instrumentation and run-to-run variation; not an overhead-corrected estimate
6,LDPC-BP,100,1.165270999954373,0.0,0.0,0.0,0.020409999924595468,1.1856809998789686,1.130634000013136,1.048686842837906,Diagnostic split-kernel path; ratio includes instrumentation and run-to-run variation; not an overhead-corrected estimate
6,LM-Top1,100,1.1472529999628023,0.0,0.0,0.0,0.01947700002347119,1.1667299999862735,1.1281683333557642,1.0341807738175088,Diagnostic split-kernel path; ratio includes instrumentation and run-to-run variation; not an overhead-corrected estimate
6,BM-BP,100,1.1376019999624987,0.0,0.0,0.0,0.01938200006406987,1.1569840000265685,1.1259683333203916,1.0275457717489391,Diagnostic split-kernel path; ratio includes instrumentation and run-to-run variation; not an overhead-corrected estimate
6,SF-BP,100,1.143975000068167,0.0,0.0,0.0,0.019393000038689934,1.163368000106857,1.1295413333512745,1.029947258906605,Diagnostic split-kernel path; ratio includes instrumentation and run-to-run variation; not an overhead-corrected estimate
