package,version
GPUtil,1.4.0
Jinja2,3.1.6
Keras-Preprocessing,1.1.2
Markdown,3.9
MarkupSafe,2.1.5
PyMySQL,1.1.2
PyYAML,6.0.3
Pygments,2.19.2
RapidFuzz,3.13.0
Werkzeug,3.1.4
absl-py,2.3.1
aiofiles,23.2.1
annotated-doc,0.0.4
annotated-types,0.7.0
anyio,4.12.1
asttokens,3.0.1
astunparse,1.6.3
blis,0.7.11
cachetools,6.2.2
catalogue,2.0.10
certifi,2025.11.12
charset-normalizer,3.4.4
click,8.1.8
colorama,0.4.6
confection,0.1.5
contourpy,1.3.0
cycler,0.12.1
cymem,2.0.13
decorator,5.2.1
drjit,0.4.6
editdistance,0.6.2
en-core-web-sm,3.5.0
exceptiongroup,1.2.2
executing,2.2.1
fastapi,0.128.8
ffmpy,1.0.0
filelock,3.19.1
flatbuffers,25.9.23
fonttools,4.60.1
fsspec,2025.10.0
gast,0.4.0
google-auth-oauthlib,0.4.6
google-auth,2.43.0
google-pasta,0.2.0
gradio,4.44.1
gradio_client,1.3.0
grpcio,1.74.0
h11,0.16.0
h5py,3.14.0
hf-xet,1.4.3
httpcore,1.0.9
httpx,0.28.1
huggingface_hub,0.36.2
idna,3.11
importlib_metadata,8.7.0
importlib_resources,6.5.2
ipydatawidgets,4.3.2
ipython,8.18.1
ipywidgets,8.0.5
jedi,0.19.2
jiwer,4.0.0
joblib,1.5.2
jupyterlab-widgets,3.0.5
keras,2.10.0
kiwisolver,1.4.7
langcodes,3.5.0
language_data,1.4.0
libclang,18.1.1
llvmlite,0.43.0
lxml,6.0.3
marisa-trie,1.3.1
markdown-it-py,3.0.0
matplotlib-inline,0.2.1
matplotlib,3.9.4
mdurl,0.1.2
mitsuba,3.5.2
ml-dtypes,0.3.2
mpmath,1.3.0
murmurhash,1.0.15
networkx,3.2.1
nltk,3.8.1
numba,0.60.0
numpy,1.24.3
oauthlib,3.3.1
opt_einsum,3.4.0
orjson,3.11.5
packaging,25.0
pandas,2.3.3
parso,0.8.5
pathlib_abc,0.1.1
pathy,0.11.0
pillow,10.4.0
pip,26.0.1
portalocker,3.2.0
preshed,3.0.12
prompt_toolkit,3.0.52
protobuf,3.19.6
pure_eval,0.2.3
pyarrow,21.0.0
pyasn1,0.6.1
pyasn1_modules,0.4.2
pydantic,2.12.5
pydantic_core,2.41.5
pydub,0.25.1
pyparsing,3.2.5
python-dateutil,2.9.0.post0
python-multipart,0.0.20
pythreejs,2.4.2
pytz,2025.2
pywin32,311
regex,2025.11.3
requests-oauthlib,2.0.0
requests,2.32.5
rich,14.3.3
rouge_score,0.1.2
rsa,4.9.1
ruff,0.15.9
sacrebleu,2.6.0
safetensors,0.7.0
scikit-learn,1.6.1
scipy,1.13.1
semantic-version,2.10.0
sentence-transformers,2.7.0
sentencepiece,0.2.1
setuptools,80.9.0
shellingham,1.5.4
sionna,0.16.1
six,1.17.0
smart-open,6.4.0
spacy-legacy,3.0.12
spacy-loggers,1.0.5
spacy,3.5.0
srsly,2.5.2
stack-data,0.6.3
starlette,0.49.3
sympy,1.14.0
tabulate,0.9.0
tensorboard-data-server,0.6.1
tensorboard-plugin-wit,1.8.1
tensorboard,2.10.1
tensorflow-estimator,2.10.0
tensorflow-gpu,2.10.0
tensorflow-io-gcs-filesystem,0.31.0
termcolor,3.1.0
thinc,8.1.12
threadpoolctl,3.6.0
tokenizers,0.15.2
tomlkit,0.12.0
torch,2.0.1+cu117
torchaudio,2.0.2+cu117
torchvision,0.15.2+cu117
tqdm,4.67.1
traitlets,5.14.3
traittypes,0.2.3
transformers,4.36.2
typer,0.23.2
typing-inspection,0.4.2
typing_extensions,4.15.0
tzdata,2025.2
urllib3,2.5.0
uvicorn,0.39.0
wasabi,1.1.3
wcwidth,0.2.14
websockets,12.0
wheel,0.45.1
widgetsnbextension,4.0.15
wrapt,2.0.1
zipp,3.23.0
