snr_db,method,max_semantic_calls,distinct_blocks,repeats,timed_observations,mean_latency_ms,std_latency_ms,median_latency_ms,p95_latency_ms,mean_semantic_calls,semantic_trigger_rate,semantic_call_histogram,average_total_bp_iterations,repeat_mean_latency_ms,std_repeat_means_ms,sanity_bler_first_repeat
2.0,LDPC-BP,0,4000,3,12000,7.259348941665554,0.5413498922218932,7.126950000156285,8.462160000078711,0.0,0.0,"{""0"": 12000}",50.0,"[7.248131075000709, 7.209472899996798, 7.320442849999154]",0.05632905866658887,1.0
2.0,LM-Top1,1,4000,3,12000,56.41075137499894,15.65736855150712,62.93325000012828,72.20241500003226,1.0,1.0,"{""1"": 12000}",50.0,"[56.866984249998964, 57.839367949998575, 54.52590192499928]",1.703195702753869,0.97625
2.0,BM-BP,6,4000,3,12000,92.44856784999776,71.61727546454448,74.72634999987804,221.6825749999742,1.40375,1.0,"{""1"": 9450, ""2"": 1635, ""3"": 345, ""4"": 126, ""5"": 78, ""6"": 366}",80.302,"[93.65993590000028, 93.75410197499951, 89.93166567499351]",2.180209676000467,0.0275
2.0,SF-BP,6,4000,3,12000,94.56889362499871,100.4911904198064,80.23074999994151,222.11755500002235,1.13375,1.0,"{""1"": 11262, ""2"": 423, ""3"": 84, ""4"": 45, ""5"": 51, ""6"": 135}",64.14,"[95.43027099999989, 95.7690923500009, 92.5073175249953]",1.793396773969174,0.01025
3.0,LDPC-BP,0,4000,3,12000,7.415586400001,0.45130359949477006,7.311650000019654,8.322105000411284,0.0,0.0,"{""0"": 12000}",50.0,"[7.398497875004523, 7.423176874998035, 7.4250844500004405]",0.014829800251987576,1.0
3.0,LM-Top1,1,4000,3,12000,57.136192658330664,14.95867674643283,62.98525000011068,73.07680499970957,1.0,1.0,"{""1"": 12000}",50.0,"[56.69815237499836, 57.38027909999914, 57.330146499994505]",0.38018125514311535,0.92175
3.0,BM-BP,6,4000,3,12000,67.12310473333783,17.75549873151359,72.38284999993994,82.24173499993412,1.01625,1.0,"{""1"": 11835, ""2"": 147, ""3"": 12, ""4"": 3, ""6"": 3}",55.76175,"[66.75653285000192, 67.33838897500685, 67.27439237500471]",0.319069115462911,0.00025
3.0,SF-BP,6,4000,3,12000,71.06361362500002,15.381892633140678,76.69364999992467,87.28732500012484,1.0005,1.0,"{""1"": 11994, ""2"": 6}",54.1155,"[70.62685847499858, 71.36266554999895, 71.2013168500025]",0.38674881581875964,0.0
4.0,LDPC-BP,0,4000,3,12000,7.252595041670854,0.5167557370518352,7.136149999951158,8.331439999437862,0.0,0.0,"{""0"": 12000}",50.0,"[7.359190500003933, 7.268946875003394, 7.129647750005233]",0.11564171115667046,1.0
4.0,LM-Top1,1,4000,3,12000,56.3500553166682,13.479310796261528,60.84610000016255,72.09930499971051,1.0,1.0,"{""1"": 12000}",50.0,"[56.83339455000191, 56.52004772500755, 55.696723674995155]",0.5870930366576619,0.80525
4.0,BM-BP,6,4000,3,12000,65.52111195833095,13.564105190247528,70.4839499994705,80.69332000045506,1.00025,1.0,"{""1"": 11997, ""2"": 3}",53.25725,"[66.17491142500195, 65.64626517500096, 64.74215927498994]",0.7245289342553167,0.0
4.0,SF-BP,6,4000,3,12000,68.77536477499325,13.618543736448535,73.7995000004048,84.08657999998468,1.0,1.0,"{""1"": 12000}",53.015,"[69.41025397498902, 68.91239189999692, 68.00344844999383]",0.7133426743363439,0.0
5.0,LDPC-BP,0,4000,3,12000,5.385242175005335,2.4553272378385804,6.791550000343705,8.204824998665572,0.0,0.0,"{""0"": 12000}",36.103,"[5.364388300006567, 5.4093538750125845, 5.381984349996856]",0.022659121822013597,0.612
5.0,LM-Top1,1,4000,3,12000,35.481406991678114,28.17798743292196,44.04324999995879,70.58830499918258,0.612,0.612,"{""0"": 4656, ""1"": 7344}",36.103,"[33.71806520001906, 39.07340020000538, 33.652755575009905]",3.110928758953121,0.37075
5.0,BM-BP,6,4000,3,12000,40.835209100000235,32.20687585593923,52.18509999940579,78.97073499975704,0.612,0.612,"{""0"": 4656, ""1"": 7344}",37.64625,"[39.12462590000473, 44.403860249998615, 38.977141149997344]",3.0914221987072206,0.0005
5.0,SF-BP,6,4000,3,12000,42.336552725010506,33.371042628596975,54.367000000638654,81.33607499930804,0.612,0.612,"{""0"": 4656, ""1"": 7344}",37.5895,"[40.585207550015866, 45.97754802500595, 40.44690260000971]",3.153952622621451,0.0005
6.0,LDPC-BP,0,4000,3,12000,1.1934536083276726,0.5152485021138337,1.1002500004906324,1.7574600012267174,0.0,0.0,"{""0"": 12000}",4.8525,"[1.1900379750009051, 1.1936969749958735, 1.196625874986239]",0.0033006858462422805,0.00275
6.0,LM-Top1,1,4000,3,12000,1.3480573666703701,3.3331686484446585,1.0993000005328213,1.760804999867105,0.00275,0.00275,"{""0"": 11967, ""1"": 33}",4.8525,"[1.3404558249999354, 1.35250374999805, 1.3512125250131248]",0.006614710297204194,0.0015
6.0,BM-BP,6,4000,3,12000,1.3682347083361794,3.72415016581202,1.0970000002998859,1.7582499999662098,0.00275,0.00275,"{""0"": 11967, ""1"": 33}",4.8595,"[1.364753799997743, 1.3669923999950697, 1.3729579250157258]",0.004240803501515459,0.0
6.0,SF-BP,6,4000,3,12000,1.377237733341796,3.9026924320675485,1.0973500002364744,1.7465350000748,0.00275,0.00275,"{""0"": 11967, ""1"": 33}",4.85875,"[1.375054050020026, 1.3797310000059042, 1.3769281499994577]",0.002353794102505946,0.0
