snr_db,method,semantic_calls,timing_observations,distinct_blocks,fraction_of_blocks
2.0,LDPC-BP,0,12000,4000,1.0
2.0,LM-Top1,0,0,0,0.0
2.0,LM-Top1,1,12000,4000,1.0
2.0,BM-BP,0,0,0,0.0
2.0,BM-BP,1,9450,3150,0.7875
2.0,BM-BP,2,1635,545,0.13625
2.0,BM-BP,3,345,115,0.02875
2.0,BM-BP,4,126,42,0.0105
2.0,BM-BP,5,78,26,0.0065
2.0,BM-BP,6,366,122,0.0305
2.0,SF-BP,0,0,0,0.0
2.0,SF-BP,1,11262,3754,0.9385
2.0,SF-BP,2,423,141,0.03525
2.0,SF-BP,3,84,28,0.007
2.0,SF-BP,4,45,15,0.00375
2.0,SF-BP,5,51,17,0.00425
2.0,SF-BP,6,135,45,0.01125
3.0,LDPC-BP,0,12000,4000,1.0
3.0,LM-Top1,0,0,0,0.0
3.0,LM-Top1,1,12000,4000,1.0
3.0,BM-BP,0,0,0,0.0
3.0,BM-BP,1,11835,3945,0.98625
3.0,BM-BP,2,147,49,0.01225
3.0,BM-BP,3,12,4,0.001
3.0,BM-BP,4,3,1,0.00025
3.0,BM-BP,5,0,0,0.0
3.0,BM-BP,6,3,1,0.00025
3.0,SF-BP,0,0,0,0.0
3.0,SF-BP,1,11994,3998,0.9995
3.0,SF-BP,2,6,2,0.0005
3.0,SF-BP,3,0,0,0.0
3.0,SF-BP,4,0,0,0.0
3.0,SF-BP,5,0,0,0.0
3.0,SF-BP,6,0,0,0.0
4.0,LDPC-BP,0,12000,4000,1.0
4.0,LM-Top1,0,0,0,0.0
4.0,LM-Top1,1,12000,4000,1.0
4.0,BM-BP,0,0,0,0.0
4.0,BM-BP,1,11997,3999,0.99975
4.0,BM-BP,2,3,1,0.00025
4.0,BM-BP,3,0,0,0.0
4.0,BM-BP,4,0,0,0.0
4.0,BM-BP,5,0,0,0.0
4.0,BM-BP,6,0,0,0.0
4.0,SF-BP,0,0,0,0.0
4.0,SF-BP,1,12000,4000,1.0
4.0,SF-BP,2,0,0,0.0
4.0,SF-BP,3,0,0,0.0
4.0,SF-BP,4,0,0,0.0
4.0,SF-BP,5,0,0,0.0
4.0,SF-BP,6,0,0,0.0
5.0,LDPC-BP,0,12000,4000,1.0
5.0,LM-Top1,0,4656,1552,0.388
5.0,LM-Top1,1,7344,2448,0.612
5.0,BM-BP,0,4656,1552,0.388
5.0,BM-BP,1,7344,2448,0.612
5.0,BM-BP,2,0,0,0.0
5.0,BM-BP,3,0,0,0.0
5.0,BM-BP,4,0,0,0.0
5.0,BM-BP,5,0,0,0.0
5.0,BM-BP,6,0,0,0.0
5.0,SF-BP,0,4656,1552,0.388
5.0,SF-BP,1,7344,2448,0.612
5.0,SF-BP,2,0,0,0.0
5.0,SF-BP,3,0,0,0.0
5.0,SF-BP,4,0,0,0.0
5.0,SF-BP,5,0,0,0.0
5.0,SF-BP,6,0,0,0.0
6.0,LDPC-BP,0,12000,4000,1.0
6.0,LM-Top1,0,11967,3989,0.99725
6.0,LM-Top1,1,33,11,0.00275
6.0,BM-BP,0,11967,3989,0.99725
6.0,BM-BP,1,33,11,0.00275
6.0,BM-BP,2,0,0,0.0
6.0,BM-BP,3,0,0,0.0
6.0,BM-BP,4,0,0,0.0
6.0,BM-BP,5,0,0,0.0
6.0,BM-BP,6,0,0,0.0
6.0,SF-BP,0,11967,3989,0.99725
6.0,SF-BP,1,33,11,0.00275
6.0,SF-BP,2,0,0,0.0
6.0,SF-BP,3,0,0,0.0
6.0,SF-BP,4,0,0,0.0
6.0,SF-BP,5,0,0,0.0
6.0,SF-BP,6,0,0,0.0
