call,iteration,all_frames,plotted_x,info_errors,block_errors,ber,bler
0,1,50000,1,5392993,50000,0.10371140384615385,1.0
0,2,50000,2,5392701,50000,0.10370578846153847,1.0
0,3,50000,3,5392654,50000,0.10370488461538462,1.0
0,4,50000,4,5392645,50000,0.10370471153846154,1.0
0,5,50000,5,5392632,50000,0.10370446153846154,1.0
0,6,50000,6,5392636,50000,0.10370453846153846,1.0
0,7,50000,7,5392635,50000,0.10370451923076923,1.0
0,8,50000,8,5392635,50000,0.10370451923076923,1.0
0,9,50000,9,5392635,50000,0.10370451923076923,1.0
0,10,50000,10,5392635,50000,0.10370451923076923,1.0
0,11,50000,11,5392635,50000,0.10370451923076923,1.0
0,12,50000,12,5392635,50000,0.10370451923076923,1.0
0,13,50000,13,5392635,50000,0.10370451923076923,1.0
0,14,50000,14,5392635,50000,0.10370451923076923,1.0
0,15,50000,15,5392635,50000,0.10370451923076923,1.0
0,16,50000,16,5392635,50000,0.10370451923076923,1.0
0,17,50000,17,5392635,50000,0.10370451923076923,1.0
0,18,50000,18,5392635,50000,0.10370451923076923,1.0
0,19,50000,19,5392635,50000,0.10370451923076923,1.0
0,20,50000,20,5392635,50000,0.10370451923076923,1.0
0,21,50000,21,5392635,50000,0.10370451923076923,1.0
0,22,50000,22,5392635,50000,0.10370451923076923,1.0
0,23,50000,23,5392635,50000,0.10370451923076923,1.0
0,24,50000,24,5392635,50000,0.10370451923076923,1.0
0,25,50000,25,5392635,50000,0.10370451923076923,1.0
0,26,50000,26,5392635,50000,0.10370451923076923,1.0
0,27,50000,27,5392635,50000,0.10370451923076923,1.0
0,28,50000,28,5392635,50000,0.10370451923076923,1.0
0,29,50000,29,5392635,50000,0.10370451923076923,1.0
0,30,50000,30,5392635,50000,0.10370451923076923,1.0
0,31,50000,31,5392635,50000,0.10370451923076923,1.0
0,32,50000,32,5392635,50000,0.10370451923076923,1.0
0,33,50000,33,5392635,50000,0.10370451923076923,1.0
0,34,50000,34,5392635,50000,0.10370451923076923,1.0
0,35,50000,35,5392635,50000,0.10370451923076923,1.0
0,36,50000,36,5392635,50000,0.10370451923076923,1.0
0,37,50000,37,5392635,50000,0.10370451923076923,1.0
0,38,50000,38,5392635,50000,0.10370451923076923,1.0
0,39,50000,39,5392635,50000,0.10370451923076923,1.0
0,40,50000,40,5392635,50000,0.10370451923076923,1.0
0,41,50000,41,5392635,50000,0.10370451923076923,1.0
0,42,50000,42,5392635,50000,0.10370451923076923,1.0
0,43,50000,43,5392635,50000,0.10370451923076923,1.0
0,44,50000,44,5392635,50000,0.10370451923076923,1.0
0,45,50000,45,5392635,50000,0.10370451923076923,1.0
0,46,50000,46,5392635,50000,0.10370451923076923,1.0
0,47,50000,47,5392635,50000,0.10370451923076923,1.0
0,48,50000,48,5392635,50000,0.10370451923076923,1.0
0,49,50000,49,5392635,50000,0.10370451923076923,1.0
0,50,50000,50,5392635,50000,0.10370451923076923,1.0
1,1,50000,59,789097,49493,0.015174942307692308,0.98986
1,2,50000,60,474486,47056,0.009124730769230769,0.94112
1,3,50000,61,327266,40234,0.0062935769230769234,0.80468
1,4,50000,62,241942,31373,0.004652730769230769,0.62746
1,5,50000,63,192112,23438,0.0036944615384615384,0.46876
1,6,50000,64,160572,17744,0.003087923076923077,0.35488
1,7,50000,65,141119,13680,0.002713826923076923,0.2736
1,8,50000,66,127787,11083,0.0024574423076923076,0.22166
1,9,50000,67,118372,9294,0.0022763846153846154,0.18588
1,10,50000,68,111714,7925,0.002148346153846154,0.1585
1,11,50000,69,106899,7046,0.00205575,0.14092
1,12,50000,70,102767,6319,0.0019762884615384616,0.12638
1,13,50000,71,99668,5771,0.0019166923076923076,0.11542
1,14,50000,72,97541,5414,0.0018757884615384615,0.10828
1,15,50000,73,95826,5092,0.0018428076923076922,0.10184
1,16,50000,74,93845,4859,0.0018047115384615385,0.09718
1,17,50000,75,92662,4657,0.0017819615384615385,0.09314
1,18,50000,76,91223,4493,0.0017542884615384616,0.08986
1,19,50000,77,90115,4325,0.0017329807692307692,0.0865
1,20,50000,78,88913,4212,0.0017098653846153845,0.08424
1,21,50000,79,88057,4103,0.0016934038461538462,0.08206
1,22,50000,80,86703,4024,0.0016673653846153845,0.08048
1,23,50000,81,86372,3926,0.001661,0.07852
1,24,50000,82,85765,3863,0.001649326923076923,0.07726
1,25,50000,83,85110,3799,0.0016367307692307692,0.07598
1,26,50000,84,84434,3744,0.0016237307692307692,0.07488
1,27,50000,85,83992,3691,0.0016152307692307692,0.07382
1,28,50000,86,83850,3656,0.0016125,0.07312
1,29,50000,87,83285,3619,0.0016016346153846154,0.07238
1,30,50000,88,82911,3581,0.0015944423076923078,0.07162
1,31,50000,89,82315,3553,0.0015829807692307693,0.07106
1,32,50000,90,82118,3510,0.0015791923076923077,0.0702
1,33,50000,91,81752,3491,0.0015721538461538462,0.06982
1,34,50000,92,81662,3459,0.001570423076923077,0.06918
1,35,50000,93,81505,3433,0.0015674038461538462,0.06866
1,36,50000,94,81484,3414,0.001567,0.06828
1,37,50000,95,81006,3387,0.0015578076923076923,0.06774
1,38,50000,96,81056,3378,0.0015587692307692308,0.06756
1,39,50000,97,81127,3357,0.0015601346153846154,0.06714
1,40,50000,98,80743,3343,0.00155275,0.06686
1,41,50000,99,80208,3316,0.0015424615384615386,0.06632
1,42,50000,100,80051,3303,0.0015394423076923076,0.06606
1,43,50000,101,79762,3294,0.0015338846153846153,0.06588
1,44,50000,102,79673,3283,0.001532173076923077,0.06566
1,45,50000,103,79738,3271,0.001533423076923077,0.06542
1,46,50000,104,79814,3254,0.0015348846153846155,0.06508
1,47,50000,105,79585,3242,0.0015304807692307692,0.06484
1,48,50000,106,79425,3234,0.001527403846153846,0.06468
1,49,50000,107,79064,3222,0.0015204615384615385,0.06444
1,50,50000,108,79130,3213,0.0015217307692307691,0.06426
2,1,50000,117,55786,3193,0.0010728076923076924,0.06386
2,2,50000,118,49860,3163,0.0009588461538461539,0.06326
2,3,50000,119,45916,3071,0.000883,0.06142
2,4,50000,120,43883,2902,0.0008439038461538461,0.05804
2,5,50000,121,42823,2681,0.0008235192307692308,0.05362
2,6,50000,122,41559,2470,0.0007992115384615385,0.0494
2,7,50000,123,40453,2306,0.0007779423076923077,0.04612
2,8,50000,124,39486,2159,0.0007593461538461539,0.04318
2,9,50000,125,38484,2028,0.000740076923076923,0.04056
2,10,50000,126,37335,1927,0.0007179807692307693,0.03854
2,11,50000,127,36486,1842,0.0007016538461538462,0.03684
2,12,50000,128,35933,1778,0.0006910192307692307,0.03556
2,13,50000,129,35314,1713,0.0006791153846153846,0.03426
2,14,50000,130,34953,1655,0.0006721730769230769,0.0331
2,15,50000,131,34823,1608,0.0006696730769230769,0.03216
2,16,50000,132,34492,1576,0.0006633076923076923,0.03152
2,17,50000,133,34247,1529,0.0006585961538461538,0.03058
2,18,50000,134,33762,1506,0.0006492692307692307,0.03012
2,19,50000,135,33645,1473,0.0006470192307692307,0.02946
2,20,50000,136,33629,1451,0.0006467115384615385,0.02902
2,21,50000,137,33495,1437,0.0006441346153846154,0.02874
2,22,50000,138,33139,1420,0.0006372884615384615,0.0284
2,23,50000,139,33041,1401,0.0006354038461538462,0.02802
2,24,50000,140,32928,1392,0.0006332307692307692,0.02784
2,25,50000,141,32829,1377,0.000631326923076923,0.02754
2,26,50000,142,32877,1368,0.00063225,0.02736
2,27,50000,143,32814,1360,0.0006310384615384615,0.0272
2,28,50000,144,32594,1345,0.0006268076923076924,0.0269
2,29,50000,145,32609,1340,0.0006270961538461539,0.0268
2,30,50000,146,32452,1327,0.000624076923076923,0.02654
2,31,50000,147,32305,1321,0.00062125,0.02642
2,32,50000,148,32214,1312,0.0006195,0.02624
2,33,50000,149,32021,1299,0.0006157884615384616,0.02598
2,34,50000,150,32039,1296,0.0006161346153846154,0.02592
2,35,50000,151,31963,1291,0.0006146730769230769,0.02582
2,36,50000,152,32168,1284,0.0006186153846153847,0.02568
2,37,50000,153,32208,1278,0.0006193846153846154,0.02556
2,38,50000,154,32147,1271,0.0006182115384615385,0.02542
2,39,50000,155,32039,1267,0.0006161346153846154,0.02534
2,40,50000,156,31833,1263,0.0006121730769230769,0.02526
2,41,50000,157,31877,1263,0.0006130192307692308,0.02526
2,42,50000,158,31863,1261,0.00061275,0.02522
2,43,50000,159,31750,1253,0.0006105769230769231,0.02506
2,44,50000,160,31630,1253,0.0006082692307692308,0.02506
2,45,50000,161,31744,1249,0.0006104615384615385,0.02498
2,46,50000,162,31683,1248,0.0006092884615384616,0.02496
2,47,50000,163,31753,1242,0.0006106346153846154,0.02484
2,48,50000,164,31542,1241,0.0006065769230769231,0.02482
2,49,50000,165,31388,1239,0.0006036153846153846,0.02478
2,50,50000,166,31569,1236,0.0006070961538461538,0.02472
3,1,50000,175,26247,1235,0.00050475,0.0247
3,2,50000,176,24802,1233,0.00047696153846153846,0.02466
3,3,50000,177,24211,1216,0.00046559615384615384,0.02432
3,4,50000,178,24481,1195,0.00047078846153846156,0.0239
3,5,50000,179,24899,1163,0.00047882692307692307,0.02326
3,6,50000,180,24945,1137,0.00047971153846153845,0.02274
3,7,50000,181,24777,1102,0.00047648076923076924,0.02204
3,8,50000,182,24412,1075,0.00046946153846153844,0.0215
3,9,50000,183,23854,1051,0.0004587307692307692,0.02102
3,10,50000,184,23545,1022,0.00045278846153846156,0.02044
3,11,50000,185,23330,1004,0.00044865384615384613,0.02008
3,12,50000,186,23052,983,0.0004433076923076923,0.01966
3,13,50000,187,22867,966,0.00043975,0.01932
3,14,50000,188,22848,950,0.0004393846153846154,0.019
3,15,50000,189,22773,934,0.0004379423076923077,0.01868
3,16,50000,190,22650,918,0.0004355769230769231,0.01836
3,17,50000,191,22748,904,0.0004374615384615385,0.01808
3,18,50000,192,22524,899,0.00043315384615384613,0.01798
3,19,50000,193,22356,886,0.00042992307692307693,0.01772
3,20,50000,194,22406,883,0.00043088461538461537,0.01766
3,21,50000,195,22297,878,0.0004287884615384615,0.01756
3,22,50000,196,22274,875,0.00042834615384615383,0.0175
3,23,50000,197,22258,870,0.0004280384615384615,0.0174
3,24,50000,198,22109,869,0.00042517307692307695,0.01738
3,25,50000,199,22043,861,0.00042390384615384615,0.01722
3,26,50000,200,22189,858,0.00042671153846153846,0.01716
3,27,50000,201,22048,851,0.000424,0.01702
3,28,50000,202,22056,849,0.00042415384615384613,0.01698
3,29,50000,203,22074,846,0.0004245,0.01692
3,30,50000,204,22054,844,0.0004241153846153846,0.01688
3,31,50000,205,21809,840,0.00041940384615384615,0.0168
3,32,50000,206,21919,837,0.0004215192307692308,0.01674
3,33,50000,207,21688,836,0.00041707692307692306,0.01672
3,34,50000,208,21936,832,0.00042184615384615383,0.01664
3,35,50000,209,21686,828,0.00041703846153846153,0.01656
3,36,50000,210,21690,825,0.0004171153846153846,0.0165
3,37,50000,211,21739,822,0.0004180576923076923,0.01644
3,38,50000,212,21674,818,0.0004168076923076923,0.01636
3,39,50000,213,21680,817,0.00041692307692307694,0.01634
3,40,50000,214,21652,814,0.0004163846153846154,0.01628
3,41,50000,215,21705,814,0.00041740384615384616,0.01628
3,42,50000,216,21774,814,0.0004187307692307692,0.01628
3,43,50000,217,21678,813,0.0004168846153846154,0.01626
3,44,50000,218,21685,814,0.0004170192307692308,0.01628
3,45,50000,219,21548,811,0.0004143846153846154,0.01622
3,46,50000,220,21527,810,0.00041398076923076924,0.0162
3,47,50000,221,21613,810,0.0004156346153846154,0.0162
3,48,50000,222,21650,809,0.00041634615384615386,0.01618
3,49,50000,223,21666,808,0.00041665384615384616,0.01616
3,50,50000,224,21603,801,0.0004154423076923077,0.01602
4,1,50000,233,18391,802,0.00035367307692307694,0.01604
4,2,50000,234,17743,800,0.00034121153846153844,0.016
4,3,50000,235,17673,796,0.00033986538461538464,0.01592
4,4,50000,236,18050,785,0.0003471153846153846,0.0157
4,5,50000,237,18605,772,0.0003577884615384615,0.01544
4,6,50000,238,18749,756,0.0003605576923076923,0.01512
4,7,50000,239,18466,743,0.0003551153846153846,0.01486
4,8,50000,240,18512,738,0.000356,0.01476
4,9,50000,241,18213,720,0.00035025,0.0144
4,10,50000,242,18083,711,0.00034775,0.01422
4,11,50000,243,17922,697,0.00034465384615384615,0.01394
4,12,50000,244,17807,688,0.0003424423076923077,0.01376
4,13,50000,245,17762,681,0.00034157692307692307,0.01362
4,14,50000,246,17585,677,0.00033817307692307695,0.01354
4,15,50000,247,17440,672,0.0003353846153846154,0.01344
4,16,50000,248,17434,668,0.0003352692307692308,0.01336
4,17,50000,249,17630,661,0.00033903846153846153,0.01322
4,18,50000,250,17454,657,0.00033565384615384615,0.01314
4,19,50000,251,17423,653,0.0003350576923076923,0.01306
4,20,50000,252,17450,649,0.0003355769230769231,0.01298
4,21,50000,253,17345,645,0.0003335576923076923,0.0129
4,22,50000,254,17358,644,0.00033380769230769233,0.01288
4,23,50000,255,17220,642,0.00033115384615384615,0.01284
4,24,50000,256,17283,640,0.0003323653846153846,0.0128
4,25,50000,257,17124,635,0.00032930769230769233,0.0127
4,26,50000,258,17157,634,0.0003299423076923077,0.01268
4,27,50000,259,17205,630,0.00033086538461538464,0.0126
4,28,50000,260,17163,629,0.0003300576923076923,0.01258
4,29,50000,261,17097,626,0.0003287884615384615,0.01252
4,30,50000,262,17088,626,0.0003286153846153846,0.01252
4,31,50000,263,17135,623,0.0003295192307692308,0.01246
4,32,50000,264,17049,621,0.0003278653846153846,0.01242
4,33,50000,265,17081,621,0.0003284807692307692,0.01242
4,34,50000,266,17009,617,0.00032709615384615383,0.01234
4,35,50000,267,17017,615,0.00032725,0.0123
4,36,50000,268,17025,611,0.00032740384615384614,0.01222
4,37,50000,269,16909,611,0.0003251730769230769,0.01222
4,38,50000,270,16951,609,0.0003259807692307692,0.01218
4,39,50000,271,16944,607,0.00032584615384615383,0.01214
4,40,50000,272,16885,607,0.0003247115384615385,0.01214
4,41,50000,273,16896,604,0.0003249230769230769,0.01208
4,42,50000,274,16908,603,0.00032515384615384616,0.01206
4,43,50000,275,16866,603,0.00032434615384615385,0.01206
4,44,50000,276,17017,603,0.00032725,0.01206
4,45,50000,277,16887,603,0.00032475,0.01206
4,46,50000,278,17026,603,0.00032742307692307693,0.01206
4,47,50000,279,16755,603,0.00032221153846153847,0.01206
4,48,50000,280,16845,603,0.0003239423076923077,0.01206
4,49,50000,281,16969,603,0.00032632692307692305,0.01206
4,50,50000,282,16930,602,0.00032557692307692306,0.01204
5,1,50000,291,14678,601,0.0002822692307692308,0.01202
5,2,50000,292,14371,601,0.0002763653846153846,0.01202
5,3,50000,293,14438,601,0.00027765384615384615,0.01202
5,4,50000,294,14934,596,0.0002871923076923077,0.01192
5,5,50000,295,15466,593,0.0002974230769230769,0.01186
5,6,50000,296,15504,586,0.00029815384615384616,0.01172
5,7,50000,297,15588,581,0.0002997692307692308,0.01162
5,8,50000,298,15430,575,0.00029673076923076924,0.0115
5,9,50000,299,15152,571,0.0002913846153846154,0.01142
5,10,50000,300,15090,569,0.0002901923076923077,0.01138
5,11,50000,301,15096,564,0.0002903076923076923,0.01128
5,12,50000,302,14879,559,0.0002861346153846154,0.01118
5,13,50000,303,14908,558,0.0002866923076923077,0.01116
5,14,50000,304,15019,550,0.00028882692307692306,0.011
5,15,50000,305,14961,551,0.00028771153846153844,0.01102
5,16,50000,306,14826,550,0.00028511538461538464,0.011
5,17,50000,307,14841,547,0.00028540384615384615,0.01094
5,18,50000,308,14831,545,0.00028521153846153844,0.0109
5,19,50000,309,14869,545,0.0002859423076923077,0.0109
5,20,50000,310,14811,541,0.00028482692307692307,0.01082
5,21,50000,311,14798,540,0.0002845769230769231,0.0108
5,22,50000,312,14709,536,0.0002828653846153846,0.01072
5,23,50000,313,14730,536,0.00028326923076923077,0.01072
5,24,50000,314,14696,534,0.00028261538461538463,0.01068
5,25,50000,315,14605,532,0.0002808653846153846,0.01064
5,26,50000,316,14657,527,0.00028186538461538464,0.01054
5,27,50000,317,14593,528,0.0002806346153846154,0.01056
5,28,50000,318,14641,523,0.0002815576923076923,0.01046
5,29,50000,319,14632,522,0.00028138461538461536,0.01044
5,30,50000,320,14607,523,0.00028090384615384615,0.01046
5,31,50000,321,14646,519,0.00028165384615384614,0.01038
5,32,50000,322,14615,518,0.0002810576923076923,0.01036
5,33,50000,323,14567,518,0.00028013461538461536,0.01036
5,34,50000,324,14568,517,0.00028015384615384615,0.01034
5,35,50000,325,14509,516,0.00027901923076923074,0.01032
5,36,50000,326,14553,515,0.0002798653846153846,0.0103
5,37,50000,327,14455,515,0.00027798076923076924,0.0103
5,38,50000,328,14603,514,0.0002808269230769231,0.01028
5,39,50000,329,14540,513,0.0002796153846153846,0.01026
5,40,50000,330,14549,513,0.00027978846153846153,0.01026
5,41,50000,331,14521,513,0.00027925,0.01026
5,42,50000,332,14530,512,0.0002794230769230769,0.01024
5,43,50000,333,14444,512,0.0002777692307692308,0.01024
5,44,50000,334,14535,512,0.00027951923076923076,0.01024
5,45,50000,335,14489,511,0.0002786346153846154,0.01022
5,46,50000,336,14575,509,0.00028028846153846154,0.01018
5,47,50000,337,14606,510,0.0002808846153846154,0.0102
5,48,50000,338,14422,509,0.00027734615384615384,0.01018
5,49,50000,339,14444,508,0.0002777692307692308,0.01016
5,50,50000,340,14450,507,0.0002778846153846154,0.01014
6,1,50000,349,12550,507,0.00024134615384615384,0.01014
6,2,50000,350,12342,507,0.00023734615384615385,0.01014
6,3,50000,351,12421,507,0.00023886538461538462,0.01014
6,4,50000,352,12842,506,0.00024696153846153846,0.01012
6,5,50000,353,13259,499,0.0002549807692307692,0.00998
6,6,50000,354,13363,496,0.0002569807692307692,0.00992
6,7,50000,355,13538,490,0.00026034615384615387,0.0098
6,8,50000,356,13304,488,0.00025584615384615386,0.00976
6,9,50000,357,13286,485,0.0002555,0.0097
6,10,50000,358,13135,480,0.00025259615384615387,0.0096
6,11,50000,359,13079,475,0.0002515192307692308,0.0095
6,12,50000,360,13036,473,0.00025069230769230767,0.00946
6,13,50000,361,12957,471,0.0002491730769230769,0.00942
6,14,50000,362,12957,466,0.0002491730769230769,0.00932
6,15,50000,363,12848,465,0.0002470769230769231,0.0093
6,16,50000,364,12960,465,0.0002492307692307692,0.0093
6,17,50000,365,12988,463,0.00024976923076923076,0.00926
6,18,50000,366,12930,463,0.00024865384615384615,0.00926
6,19,50000,367,12860,461,0.0002473076923076923,0.00922
6,20,50000,368,12865,460,0.00024740384615384614,0.0092
6,21,50000,369,12849,459,0.00024709615384615384,0.00918
6,22,50000,370,12789,459,0.0002459423076923077,0.00918
6,23,50000,371,12943,458,0.0002489038461538462,0.00916
6,24,50000,372,12806,455,0.0002462692307692308,0.0091
6,25,50000,373,12868,454,0.00024746153846153847,0.00908
6,26,50000,374,12856,454,0.0002472307692307692,0.00908
6,27,50000,375,12850,453,0.00024711538461538463,0.00906
6,28,50000,376,12646,454,0.00024319230769230768,0.00908
6,29,50000,377,12754,451,0.00024526923076923076,0.00902
6,30,50000,378,12758,450,0.0002453461538461538,0.009
6,31,50000,379,12729,449,0.00024478846153846154,0.00898
6,32,50000,380,12724,449,0.0002446923076923077,0.00898
6,33,50000,381,12709,449,0.0002444038461538462,0.00898
6,34,50000,382,12705,449,0.00024432692307692306,0.00898
6,35,50000,383,12725,448,0.0002447115384615385,0.00896
6,36,50000,384,12615,448,0.00024259615384615384,0.00896
6,37,50000,385,12749,447,0.0002451730769230769,0.00894
6,38,50000,386,12680,446,0.00024384615384615384,0.00892
6,39,50000,387,12743,445,0.0002450576923076923,0.0089
6,40,50000,388,12718,443,0.0002445769230769231,0.00886
6,41,50000,389,12702,443,0.0002442692307692308,0.00886
6,42,50000,390,12719,443,0.00024459615384615383,0.00886
6,43,50000,391,12712,443,0.00024446153846153845,0.00886
6,44,50000,392,12723,443,0.0002446730769230769,0.00886
6,45,50000,393,12592,443,0.00024215384615384615,0.00886
6,46,50000,394,12668,443,0.0002436153846153846,0.00886
6,47,50000,395,12660,442,0.00024346153846153845,0.00884
6,48,50000,396,12701,442,0.00024425,0.00884
6,49,50000,397,12684,442,0.00024392307692307693,0.00884
6,50,50000,398,12665,442,0.0002435576923076923,0.00884
