message,budget,all_frames,entered_this_call,held_from_earlier_calls,observations,negative_count,zero_count,negative_fraction,aligned_mean,aligned_std,support_bin_lower,support_bin_upper,all_frame_ber,all_frame_bler
U_pre_info,1,50000,50000,0,52000000,473226,0,0.0091005,20.062603158381908,11.878294869013793,-47.5,71.5,0.0015217307692307691,0.06426
U_pre_info,2,50000,3216,46784,52000000,295287,0,0.005678596153846154,20.979586126964413,11.797888784097035,-61.5,71.5,0.0006070961538461538,0.02472
U_pre_info,3,50000,1237,48763,52000000,249077,0,0.0047899423076923076,21.16821991743119,11.785808654899776,-35.5,71.5,0.0004154423076923077,0.01602
U_pre_info,4,50000,803,49197,52000000,226389,0,0.004353634615384615,21.26031727336701,11.782533799995656,-49.0,71.5,0.00032557692307692306,0.01204
U_pre_info,5,50000,599,49401,52000000,216297,0,0.0041595576923076924,21.302986624311036,11.779831482560745,-57.5,71.5,0.0002778846153846154,0.01014
U_pre_info,6,50000,504,49496,52000000,209304,0,0.004025076923076923,21.332022842972673,11.777532274363836,-59.0,71.5,0.0002435576923076923,0.00884
APP_pre_info,1,50000,50000,0,52000000,79130,0,0.0015217307692307691,30.718869056792116,13.190355821372254,-49.0,91.5,0.0015217307692307691,0.06426
APP_pre_info,2,50000,3216,46784,52000000,31569,0,0.0006070961538461538,31.810475226285345,12.928570283184435,-60.5,91.5,0.0006070961538461538,0.02472
APP_pre_info,3,50000,1237,48763,52000000,21603,0,0.0004154423076923077,32.01395201233874,12.904595262062491,-36.0,91.5,0.0004154423076923077,0.01602
APP_pre_info,4,50000,803,49197,52000000,16930,0,0.00032557692307692306,32.11260044008125,12.896047307749038,-52.0,91.5,0.00032557692307692306,0.01204
APP_pre_info,5,50000,599,49401,52000000,14450,0,0.0002778846153846154,32.15811023776625,12.890868091095719,-60.0,91.5,0.0002778846153846154,0.01014
APP_pre_info,6,50000,504,49496,52000000,12665,0,0.0002435576923076923,32.189162512621486,12.886856369654124,-61.5,91.5,0.0002435576923076923,0.00884
