message,call,iteration,shown,frames,observations,negative_count,negative_mass,zero_count,zero_mass,aligned_min,aligned_max,underflow_count,overflow_count,density_integral
U_pre_info,1,1,True,50000,52000000,5392993,0.10371140384615385,0,0.0,-11.61456918766661,17.084816916866966,0,0,0.9999999999999999
U_pre_info,1,2,True,50000,52000000,3473956,0.06680684615384615,0,0.0,-13.659907318895684,26.401073074306126,0,0,1.0
U_pre_info,1,3,False,50000,52000000,2257118,0.04340611538461538,0,0.0,-15.862032871428221,38.61361171404477,0,0,1.0
U_pre_info,1,4,False,50000,52000000,1541658,0.02964726923076923,0,0.0,-19.389850784672234,57.745185797386796,0,0,1.0
U_pre_info,1,5,True,50000,52000000,1154769,0.022207096153846154,0,0.0,-23.9701585852847,69.51206978678827,0,0,1.0
U_pre_info,1,6,False,50000,52000000,944690,0.018167115384615386,0,0.0,-28.925587473365084,70.90788557905178,0,0,1.0
U_pre_info,1,7,False,50000,52000000,817387,0.01571898076923077,0,0.0,-30.193089078390138,70.91473163252336,0,0,0.9999999999999999
U_pre_info,1,8,False,50000,52000000,738523,0.014202365384615384,0,0.0,-31.33904830505338,71.11858406188256,0,0,0.9999999999999999
U_pre_info,1,9,False,50000,52000000,684251,0.013158673076923076,0,0.0,-32.26917664884443,71.11858406188256,0,0,1.0
U_pre_info,1,10,False,50000,52000000,646812,0.012438692307692307,0,0.0,-33.79877263761168,71.11858406188256,0,0,1.0
U_pre_info,1,11,False,50000,52000000,617365,0.011872403846153847,0,0.0,-35.56458507004048,71.11858406188256,0,0,1.0
U_pre_info,1,12,False,50000,52000000,595723,0.011456211538461538,0,0.0,-37.755744369582374,71.11858406188256,0,0,1.0
U_pre_info,1,13,False,50000,52000000,577350,0.011102884615384615,0,0.0,-33.3518503820777,71.11858406188256,0,0,1.0000000000000002
U_pre_info,1,14,False,50000,52000000,565077,0.010866865384615385,0,0.0,-39.11992342277994,71.77421140891819,0,0,1.0
U_pre_info,1,15,False,50000,52000000,553819,0.010650365384615385,0,0.0,-35.085718077819706,71.11858406188256,0,0,0.9999999999999999
U_pre_info,1,16,False,50000,52000000,546231,0.010504442307692308,0,0.0,-37.27022919966948,71.11858406188256,0,0,1.0
U_pre_info,1,17,False,50000,52000000,537896,0.010344153846153847,0,0.0,-33.3518503820777,71.11858406188256,0,0,1.0
U_pre_info,1,18,False,50000,52000000,531579,0.010222673076923077,0,0.0,-33.78555767995418,71.11858406188256,0,0,1.0
U_pre_info,1,19,False,50000,52000000,525736,0.010110307692307693,0,0.0,-42.53573084968134,71.11858406188256,0,0,1.0
U_pre_info,1,20,False,50000,52000000,521840,0.010035384615384616,0,0.0,-47.72677784340641,71.11858406188256,0,0,1.0
U_pre_info,1,21,False,50000,52000000,516272,0.009928307692307693,0,0.0,-43.01940416404202,71.11858406188256,0,0,1.0
U_pre_info,1,22,False,50000,52000000,512772,0.009861,0,0.0,-43.217681804594584,71.11858406188256,0,0,1.0
U_pre_info,1,23,False,50000,52000000,508136,0.009771846153846154,0,0.0,-50.56721988055518,71.11858406188256,0,0,1.0
U_pre_info,1,24,False,50000,52000000,506063,0.009731980769230769,0,0.0,-50.05108222002907,71.11858406188256,0,0,1.0
U_pre_info,1,25,False,50000,52000000,503439,0.009681519230769231,0,0.0,-41.145913197676045,71.11858406188256,0,0,0.9999999999999999
U_pre_info,1,26,False,50000,52000000,501448,0.009643230769230769,0,0.0,-33.79551229575844,71.11858406188256,0,0,1.0
U_pre_info,1,27,False,50000,52000000,498360,0.009583846153846155,0,0.0,-33.95458069153129,71.11858406188256,0,0,1.0
U_pre_info,1,28,False,50000,52000000,495659,0.009531903846153846,0,0.0,-37.03440055016047,71.11858406188256,0,0,1.0
U_pre_info,1,29,False,50000,52000000,492847,0.009477826923076924,0,0.0,-34.581468767114224,71.11858406188256,0,0,1.0
U_pre_info,1,30,False,50000,52000000,490863,0.009439673076923076,0,0.0,-40.526525877512135,71.11858406188256,0,0,0.9999999999999999
U_pre_info,1,31,False,50000,52000000,487512,0.00937523076923077,0,0.0,-37.60648013024325,71.11858406188256,0,0,1.0
U_pre_info,1,32,False,50000,52000000,487511,0.009375211538461539,0,0.0,-36.227858609180664,71.11858406188256,0,0,1.0
U_pre_info,1,33,False,50000,52000000,485609,0.009338634615384615,0,0.0,-44.07626943703103,71.11858406188256,0,0,1.0
U_pre_info,1,34,False,50000,52000000,484840,0.009323846153846153,0,0.0,-39.56819197534019,71.11858406188256,0,0,1.0
U_pre_info,1,35,False,50000,52000000,483334,0.009294884615384615,0,0.0,-34.34561073999107,71.11858406188256,0,0,1.0
U_pre_info,1,36,False,50000,52000000,483459,0.009297288461538461,0,0.0,-34.11486128239391,71.11858406188256,0,0,0.9999999999999999
U_pre_info,1,37,False,50000,52000000,482266,0.009274346153846154,0,0.0,-33.3518503820777,71.11858406188256,0,0,0.9999999999999999
U_pre_info,1,38,False,50000,52000000,482190,0.009272884615384615,0,0.0,-33.73323333338886,71.11858406188256,0,0,1.0
U_pre_info,1,39,False,50000,52000000,481218,0.009254192307692307,0,0.0,-38.242784323361114,71.11858406188256,0,0,1.0
U_pre_info,1,40,False,50000,52000000,481344,0.009256615384615384,0,0.0,-34.67894358171957,71.11858406188256,0,0,1.0
U_pre_info,1,41,False,50000,52000000,478390,0.009199807692307693,0,0.0,-35.739114316199014,71.11858406188256,0,0,1.0
U_pre_info,1,42,False,50000,52000000,477694,0.009186423076923076,0,0.0,-33.71930520865208,71.11858406188256,0,0,1.0
U_pre_info,1,43,False,50000,52000000,475340,0.009141153846153846,0,0.0,-33.897000219934206,71.11858406188256,0,0,1.0
U_pre_info,1,44,False,50000,52000000,475094,0.009136423076923077,0,0.0,-45.87920708728251,71.11858406188256,0,0,1.0
U_pre_info,1,45,False,50000,52000000,475383,0.009141980769230769,0,0.0,-46.5458660564023,71.11858406188256,0,0,1.0
U_pre_info,1,46,False,50000,52000000,475573,0.009145634615384616,0,0.0,-42.47971424036967,71.11858406188256,0,0,1.0
U_pre_info,1,47,False,50000,52000000,474607,0.009127057692307693,0,0.0,-46.052229331500165,71.11858406188256,0,0,1.0
U_pre_info,1,48,False,50000,52000000,473882,0.009113115384615384,0,0.0,-50.90490052557512,71.11858406188256,0,0,1.0
U_pre_info,1,49,False,50000,52000000,472991,0.00909598076923077,0,0.0,-52.442413756772105,71.11858406188256,0,0,1.0
U_pre_info,1,50,True,50000,52000000,473226,0.0091005,0,0.0,-47.28866280395481,71.11858406188256,0,0,0.9999999999999999
Mraw_info,1,1,True,50000,52000000,884316,0.017006076923076922,0,0.0,-16.29760041341892,33.31527985514399,0,0,1.0
Mraw_info,1,2,True,50000,52000000,722113,0.01388678846153846,0,0.0,-17.87799907815834,33.55015227842056,0,0,1.0
Mraw_info,1,3,False,50000,52000000,633355,0.012179903846153846,0,0.0,-17.05688778472698,33.93132229384044,0,0,1.0
Mraw_info,1,4,False,50000,52000000,576405,0.011084711538461538,0,0.0,-17.630050630456513,34.03526789464353,0,0,1.0
Mraw_info,1,5,True,50000,52000000,541713,0.010417557692307693,0,0.0,-17.695065941188837,34.0381153073163,0,0,1.0
Mraw_info,1,6,False,50000,52000000,519357,0.009987634615384615,0,0.0,-17.51765124118571,34.08432621148946,0,0,1.0
Mraw_info,1,7,False,50000,52000000,505073,0.009712942307692308,0,0.0,-18.539304154719073,34.08432621148946,0,0,1.0
Mraw_info,1,8,False,50000,52000000,495498,0.009528807692307692,0,0.0,-16.753977679523555,34.08432621148946,0,0,1.0
Mraw_info,1,9,False,50000,52000000,489037,0.009404557692307693,0,0.0,-16.61613723039218,34.08432621148946,0,0,1.0
Mraw_info,1,10,False,50000,52000000,484022,0.009308115384615385,0,0.0,-16.73038010995346,34.08432621148946,0,0,1.0
Mraw_info,1,11,False,50000,52000000,480850,0.009247115384615385,0,0.0,-15.32838182291868,34.08432621148946,0,0,1.0
Mraw_info,1,12,False,50000,52000000,477922,0.009190807692307693,0,0.0,-16.88474154037346,34.08432621148946,0,0,1.0
Mraw_info,1,13,False,50000,52000000,475864,0.00915123076923077,0,0.0,-18.16691683968984,34.08432621148946,0,0,1.0
Mraw_info,1,14,False,50000,52000000,474101,0.009117326923076922,0,0.0,-16.600045529197285,34.08432621148946,0,0,0.9999999999999999
Mraw_info,1,15,False,50000,52000000,472315,0.009082980769230769,0,0.0,-18.571469273896923,34.08432621148946,0,0,0.9999999999999999
Mraw_info,1,16,False,50000,52000000,471528,0.009067846153846154,0,0.0,-19.617054596727833,34.08432621148946,0,0,1.0000000000000002
Mraw_info,1,17,False,50000,52000000,470375,0.009045673076923076,0,0.0,-15.757748996896751,34.08432621148946,0,0,1.0
Mraw_info,1,18,False,50000,52000000,469558,0.009029961538461539,0,0.0,-18.61044916434605,34.08432621148946,0,0,1.0
Mraw_info,1,19,False,50000,52000000,468874,0.009016807692307692,0,0.0,-19.60659898570691,34.08432621148946,0,0,1.0
Mraw_info,1,20,False,50000,52000000,468048,0.009000923076923076,0,0.0,-17.11800317387395,34.08432621148946,0,0,1.0
Mraw_info,1,21,False,50000,52000000,467295,0.008986442307692308,0,0.0,-17.12334727942178,34.08432621148946,0,0,1.0
Mraw_info,1,22,False,50000,52000000,466836,0.008977615384615384,0,0.0,-18.11784442567182,34.08432621148946,0,0,1.0
Mraw_info,1,23,False,50000,52000000,466409,0.008969403846153846,0,0.0,-18.224710899632818,34.08432621148946,0,0,1.0
Mraw_info,1,24,False,50000,52000000,465869,0.00895901923076923,0,0.0,-18.23021023132535,34.08432621148946,0,0,1.0
Mraw_info,1,25,False,50000,52000000,465251,0.008947134615384615,0,0.0,-18.23415598262944,34.08432621148946,0,0,1.0
Mraw_info,1,26,False,50000,52000000,465003,0.008942365384615385,0,0.0,-18.227719551534264,34.08432621148946,0,0,1.0000000000000002
Mraw_info,1,27,False,50000,52000000,464756,0.008937615384615384,0,0.0,-17.522417451572313,34.08432621148946,0,0,0.9999999999999999
Mraw_info,1,28,False,50000,52000000,464161,0.008926173076923076,0,0.0,-16.154206786274315,34.08432621148946,0,0,1.0
Mraw_info,1,29,False,50000,52000000,464232,0.00892753846153846,0,0.0,-16.971589582514973,34.08432621148946,0,0,1.0
Mraw_info,1,30,False,50000,52000000,463821,0.008919634615384616,0,0.0,-16.578001312620728,34.08432621148946,0,0,1.0
Mraw_info,1,31,False,50000,52000000,463429,0.008912096153846154,0,0.0,-17.004898014842176,34.08432621148946,0,0,1.0
Mraw_info,1,32,False,50000,52000000,463389,0.008911326923076923,0,0.0,-17.182374160783894,34.08432621148946,0,0,1.0
Mraw_info,1,33,False,50000,52000000,463052,0.008904846153846154,0,0.0,-18.46765991328784,34.08432621148946,0,0,1.0
Mraw_info,1,34,False,50000,52000000,463104,0.008905846153846153,0,0.0,-17.720943446097174,34.08432621148946,0,0,1.0
Mraw_info,1,35,False,50000,52000000,462870,0.008901346153846154,0,0.0,-18.48704355538588,34.08432621148946,0,0,1.0
Mraw_info,1,36,False,50000,52000000,462795,0.008899903846153846,0,0.0,-16.188083726809474,34.08432621148946,0,0,1.0
Mraw_info,1,37,False,50000,52000000,462575,0.008895673076923077,0,0.0,-16.94320362872593,34.08432621148946,0,0,1.0000000000000002
Mraw_info,1,38,False,50000,52000000,462607,0.00889628846153846,0,0.0,-20.940301491171613,34.08432621148946,0,0,1.0
Mraw_info,1,39,False,50000,52000000,462610,0.008896346153846154,0,0.0,-17.729996087103064,34.08432621148946,0,0,1.0
Mraw_info,1,40,False,50000,52000000,462489,0.008894019230769231,0,0.0,-21.665163550872272,34.08432621148946,0,0,1.0
Mraw_info,1,41,False,50000,52000000,462125,0.008887019230769231,0,0.0,-18.78126244392304,34.08432621148946,0,0,0.9999999999999999
Mraw_info,1,42,False,50000,52000000,462114,0.008886807692307692,0,0.0,-21.565218491986016,34.08432621148946,0,0,1.0
Mraw_info,1,43,False,50000,52000000,461784,0.008880461538461538,0,0.0,-18.359751167554542,34.08432621148946,0,0,1.0
Mraw_info,1,44,False,50000,52000000,461492,0.008874846153846153,0,0.0,-18.719963922193003,34.08432621148946,0,0,1.0
Mraw_info,1,45,False,50000,52000000,461706,0.008878961538461539,0,0.0,-16.98864514260542,34.08432621148946,0,0,1.0
Mraw_info,1,46,False,50000,52000000,461580,0.008876538461538462,0,0.0,-17.86192273837278,34.08432621148946,0,0,0.9999999999999999
Mraw_info,1,47,False,50000,52000000,461270,0.008870576923076924,0,0.0,-17.628666951827118,34.08432621148946,0,0,1.0
Mraw_info,1,48,False,50000,52000000,461238,0.008869961538461538,0,0.0,-18.176481610175806,34.08432621148946,0,0,1.0
Mraw_info,1,49,False,50000,52000000,461232,0.008869846153846154,0,0.0,-18.122284344322182,34.08432621148946,0,0,1.0
Mraw_info,1,50,True,50000,52000000,461250,0.008870192307692308,0,0.0,-18.11425911258351,34.08432621148946,0,0,0.9999999999999999
Rsum_info,1,1,True,50000,52000000,25142137,0.4835026346153846,0,0.0,-2.0355413444938297,2.399951136319773,0,0,1.0
Rsum_info,1,2,True,50000,52000000,10804497,0.20777878846153847,0,0.0,-10.878348265003245,17.876454704856112,0,0,1.0
Rsum_info,1,3,False,50000,52000000,6451610,0.12406942307692308,0,0.0,-15.609145731081203,33.21045788307613,0,0,1.0
Rsum_info,1,4,False,50000,52000000,4254396,0.08181530769230769,0,0.0,-18.394001360712686,52.09439381653776,0,0,1.0
Rsum_info,1,5,True,50000,52000000,3151500,0.060605769230769234,1,1.923076923076923e-08,-21.965581605080324,58.034628953981354,0,0,0.9999999999999999
Rsum_info,1,6,False,50000,52000000,2567826,0.04938126923076923,12,2.3076923076923078e-07,-28.52677611715194,58.034628953981354,0,0,1.0
Rsum_info,1,7,False,50000,52000000,2229819,0.04288113461538461,77,1.4807692307692307e-06,-28.757679619677255,58.034628953981354,0,0,0.9999999999999999
Rsum_info,1,8,False,50000,52000000,2022208,0.03888861538461538,143,2.75e-06,-28.60585357692004,58.034628953981354,0,0,0.9999999999999999
Rsum_info,1,9,False,50000,52000000,1878947,0.036133596153846155,203,3.9038461538461535e-06,-29.017314476990677,58.034628953981354,0,0,1.0
Rsum_info,1,10,False,50000,52000000,1781110,0.03425211538461539,247,4.75e-06,-32.58890240116221,58.034628953981354,0,0,1.0
Rsum_info,1,11,False,50000,52000000,1705348,0.03279515384615385,268,5.1538461538461534e-06,-34.35471483359101,58.034628953981354,0,0,1.0
Rsum_info,1,12,False,50000,52000000,1650153,0.03173371153846154,278,5.346153846153846e-06,-36.94479748902736,58.034628953981354,0,0,1.0
Rsum_info,1,13,False,50000,52000000,1602272,0.030812923076923078,290,5.576923076923077e-06,-32.25284335840113,58.034628953981354,0,0,1.0
Rsum_info,1,14,False,50000,52000000,1569002,0.030173115384615385,301,5.788461538461539e-06,-38.575980742870314,58.034628953981354,0,0,1.0
Rsum_info,1,15,False,50000,52000000,1539920,0.029613846153846154,316,6.076923076923077e-06,-34.47184164385957,58.034628953981354,0,0,1.0
Rsum_info,1,16,False,50000,52000000,1519072,0.029212923076923077,309,5.9423076923076926e-06,-35.51608541458046,58.034628953981354,0,0,1.0
Rsum_info,1,17,False,50000,52000000,1500177,0.02884955769230769,311,5.98076923076923e-06,-32.02118032045945,58.034628953981354,0,0,0.9999999999999999
Rsum_info,1,18,False,50000,52000000,1485066,0.02855896153846154,312,6e-06,-33.96977967352164,58.034628953981354,0,0,0.9999999999999999
Rsum_info,1,19,False,50000,52000000,1470728,0.02828323076923077,318,6.115384615384615e-06,-44.31042911878167,58.034628953981354,0,0,1.0
Rsum_info,1,20,False,50000,52000000,1460251,0.02808175,310,5.9615384615384615e-06,-49.50147611250674,58.034628953981354,0,0,1.0
Rsum_info,1,21,False,50000,52000000,1446875,0.02782451923076923,315,6.057692307692308e-06,-44.75195801481159,58.034628953981354,0,0,1.0
Rsum_info,1,22,False,50000,52000000,1438814,0.0276695,315,6.057692307692308e-06,-40.42538160612468,58.034628953981354,0,0,1.0
Rsum_info,1,23,False,50000,52000000,1427688,0.027455538461538462,313,6.019230769230769e-06,-50.59076914183787,58.034628953981354,0,0,1.0
Rsum_info,1,24,False,50000,52000000,1422467,0.027355134615384614,311,5.98076923076923e-06,-47.02288651909342,58.034628953981354,0,0,1.0
Rsum_info,1,25,False,50000,52000000,1415418,0.027219576923076923,315,6.057692307692308e-06,-41.16946245895873,58.034628953981354,0,0,1.0
Rsum_info,1,26,False,50000,52000000,1410437,0.027123788461538463,317,6.0961538461538464e-06,-32.585642059308974,58.034628953981354,0,0,1.0
Rsum_info,1,27,False,50000,52000000,1403072,0.026982153846153847,320,6.153846153846154e-06,-32.74471045508182,58.034628953981354,0,0,1.0
Rsum_info,1,28,False,50000,52000000,1396356,0.026853,316,6.076923076923077e-06,-35.88146865770337,58.034628953981354,0,0,1.0
Rsum_info,1,29,False,50000,52000000,1390247,0.02673551923076923,318,6.115384615384615e-06,-35.824920269187984,58.034628953981354,0,0,0.9999999999999999
Rsum_info,1,30,False,50000,52000000,1384574,0.026626423076923075,322,6.192307692307693e-06,-44.70337174063618,58.034628953981354,0,0,1.0
Rsum_info,1,31,False,50000,52000000,1375745,0.026456634615384615,325,6.25e-06,-35.146278694619795,58.034628953981354,0,0,1.0000000000000002
Rsum_info,1,32,False,50000,52000000,1374211,0.026427134615384616,318,6.115384615384615e-06,-35.72411642564416,58.034628953981354,0,0,1.0000000000000002
Rsum_info,1,33,False,50000,52000000,1368668,0.02632053846153846,321,6.173076923076923e-06,-48.25311530015507,58.034628953981354,0,0,0.9999999999999999
Rsum_info,1,34,False,50000,52000000,1365809,0.026265557692307692,324,6.2307692307692305e-06,-43.23010050354726,58.034628953981354,0,0,1.0
Rsum_info,1,35,False,50000,52000000,1362538,0.026202653846153848,321,6.173076923076923e-06,-34.28221237328953,58.034628953981354,0,0,1.0
Rsum_info,1,36,False,50000,52000000,1361773,0.026187942307692308,323,6.211538461538462e-06,-32.90499104594444,58.034628953981354,0,0,1.0000000000000002
Rsum_info,1,37,False,50000,52000000,1359735,0.02614875,320,6.153846153846154e-06,-32.02118032045945,58.034628953981354,0,0,1.0
Rsum_info,1,38,False,50000,52000000,1359886,0.026151653846153845,325,6.25e-06,-32.52336309693939,58.034628953981354,0,0,1.0000000000000002
Rsum_info,1,39,False,50000,52000000,1358812,0.026131,319,6.134615384615384e-06,-37.71994850474305,58.034628953981354,0,0,1.0
Rsum_info,1,40,False,50000,52000000,1358888,0.02613246153846154,318,6.115384615384615e-06,-34.15610776310151,58.034628953981354,0,0,1.0
Rsum_info,1,41,False,50000,52000000,1354181,0.026041942307692308,320,6.153846153846154e-06,-34.708935939631644,58.034628953981354,0,0,1.0
Rsum_info,1,42,False,50000,52000000,1349788,0.025957461538461537,325,6.25e-06,-32.50943497220261,58.034628953981354,0,0,1.0
Rsum_info,1,43,False,50000,52000000,1345672,0.025878307692307694,321,6.173076923076923e-06,-32.68712998348474,58.034628953981354,0,0,1.0
Rsum_info,1,44,False,50000,52000000,1343509,0.025836711538461538,318,6.115384615384615e-06,-45.26533065332237,58.034628953981354,0,0,1.0
Rsum_info,1,45,False,50000,52000000,1341863,0.025805057692307693,323,6.211538461538462e-06,-44.1972296832853,58.034628953981354,0,0,1.0
Rsum_info,1,46,False,50000,52000000,1341923,0.02580621153846154,324,6.2307692307692305e-06,-39.05319241118894,58.034628953981354,0,0,1.0
Rsum_info,1,47,False,50000,52000000,1339892,0.025767153846153846,325,6.25e-06,-43.70359295838316,58.034628953981354,0,0,0.9999999999999999
Rsum_info,1,48,False,50000,52000000,1339070,0.025751346153846152,321,6.173076923076923e-06,-48.55626415245812,58.034628953981354,0,0,1.0
Rsum_info,1,49,False,50000,52000000,1338238,0.025735346153846154,328,6.307692307692308e-06,-52.465963018054794,58.034628953981354,0,0,0.9999999999999999
Rsum_info,1,50,True,50000,52000000,1338813,0.025746403846153846,325,6.25e-06,-45.287162157440555,58.034628953981354,0,0,1.0000000000000002
APP_pre_info,1,1,True,50000,52000000,789097,0.015174942307692308,0,0.0,-15.577429387931513,37.10733346980426,0,0,1.0
APP_pre_info,1,2,True,50000,52000000,474486,0.009124730769230769,0,0.0,-20.27791061916586,49.00330387585956,0,0,1.0
APP_pre_info,1,3,False,50000,52000000,327266,0.0062935769230769234,0,0.0,-19.02695963619334,60.45649172371241,0,0,1.0
APP_pre_info,1,4,False,50000,52000000,241942,0.004652730769230769,0,0.0,-21.985360327794623,74.04375477629387,0,0,1.0
APP_pre_info,1,5,True,50000,52000000,192112,0.0036944615384615384,0,0.0,-25.188033902398473,89.1277404745079,0,0,1.0
APP_pre_info,1,6,False,50000,52000000,160572,0.003087923076923077,0,0.0,-33.135359116739956,91.33268131730925,0,0,0.9999999999999999
APP_pre_info,1,7,False,50000,52000000,141119,0.002713826923076923,0,0.0,-33.30066172250785,91.33268131730925,0,0,1.0
APP_pre_info,1,8,False,50000,52000000,127787,0.0024574423076923076,0,0.0,-32.37042957796083,91.33268131730925,0,0,1.0000000000000002
APP_pre_info,1,9,False,50000,52000000,118372,0.0022763846153846154,0,0.0,-35.46132204800472,91.33268131730925,0,0,1.0
APP_pre_info,1,10,False,50000,52000000,111714,0.002148346153846154,0,0.0,-40.94083530821121,91.33268131730925,0,0,1.0
APP_pre_info,1,11,False,50000,52000000,106899,0.00205575,0,0.0,-41.438901952755415,91.33268131730925,0,0,1.0
APP_pre_info,1,12,False,50000,52000000,102767,0.0019762884615384616,0,0.0,-46.48487582706063,91.33268131730925,0,0,1.0
APP_pre_info,1,13,False,50000,52000000,99668,0.0019166923076923076,0,0.0,-35.29115960515016,91.33268131730925,0,0,1.0
APP_pre_info,1,14,False,50000,52000000,97541,0.0018757884615384615,0,0.0,-39.2570840908106,91.33268131730925,0,0,1.0
APP_pre_info,1,15,False,50000,52000000,95826,0.0018428076923076922,0,0.0,-44.98409979161848,91.33268131730925,0,0,1.0
APP_pre_info,1,16,False,50000,52000000,93845,0.0018047115384615385,0,0.0,-36.909759918617716,91.33268131730925,0,0,1.0
APP_pre_info,1,17,False,50000,52000000,92662,0.0017819615384615385,0,0.0,-35.783204403078436,91.33268131730925,0,0,1.0
APP_pre_info,1,18,False,50000,52000000,91223,0.0017542884615384616,0,0.0,-36.99874592439883,91.33268131730925,0,0,1.0
APP_pre_info,1,19,False,50000,52000000,90115,0.0017329807692307692,0,0.0,-42.48680207536057,91.33268131730925,0,0,1.0
APP_pre_info,1,20,False,50000,52000000,88913,0.0017098653846153845,0,0.0,-49.48444984433057,91.33268131730925,0,0,1.0
APP_pre_info,1,21,False,50000,52000000,88057,0.0016934038461538462,0,0.0,-42.91178961505755,91.33268131730925,0,0,0.9999999999999999
APP_pre_info,1,22,False,50000,52000000,86703,0.0016673653846153845,0,0.0,-44.07868143375997,91.33268131730925,0,0,1.0
APP_pre_info,1,23,False,50000,52000000,86372,0.001661,0,0.0,-50.516419106965245,91.33268131730925,0,0,1.0
APP_pre_info,1,24,False,50000,52000000,85765,0.001649326923076923,0,0.0,-50.87677716546835,91.33268131730925,0,0,1.0
APP_pre_info,1,25,False,50000,52000000,85110,0.0016367307692307692,0,0.0,-41.094984119589576,91.33268131730925,0,0,1.0
APP_pre_info,1,26,False,50000,52000000,84434,0.0016237307692307692,0,0.0,-37.34401804098685,91.33268131730925,0,0,1.0000000000000002
APP_pre_info,1,27,False,50000,52000000,83992,0.0016152307692307692,0,0.0,-36.95687158244714,91.33268131730925,0,0,1.0
APP_pre_info,1,28,False,50000,52000000,83850,0.0016125,0,0.0,-37.34207947089953,91.33268131730925,0,0,1.0
APP_pre_info,1,29,False,50000,52000000,83285,0.0016016346153846154,0,0.0,-35.56005700665959,91.33268131730925,0,0,1.0
APP_pre_info,1,30,False,50000,52000000,82911,0.0015944423076923078,0,0.0,-47.50990496856719,91.33268131730925,0,0,1.0
APP_pre_info,1,31,False,50000,52000000,82315,0.0015829807692307693,0,0.0,-47.24032910164139,91.33268131730925,0,0,1.0
APP_pre_info,1,32,False,50000,52000000,82118,0.0015791923076923077,0,0.0,-41.88211681798322,91.33268131730925,0,0,0.9999999999999999
APP_pre_info,1,33,False,50000,52000000,81752,0.0015721538461538462,0,0.0,-41.69722579101983,91.33268131730925,0,0,1.0
APP_pre_info,1,34,False,50000,52000000,81662,0.001570423076923077,0,0.0,-38.951451638556094,91.33268131730925,0,0,1.0
APP_pre_info,1,35,False,50000,52000000,81505,0.0015674038461538462,0,0.0,-36.827705428933356,91.33268131730925,0,0,0.9999999999999999
APP_pre_info,1,36,False,50000,52000000,81484,0.001567,0,0.0,-37.32517935708235,91.33268131730925,0,0,0.9999999999999999
APP_pre_info,1,37,False,50000,52000000,81006,0.0015578076923076923,0,0.0,-35.54414242591787,91.33268131730925,0,0,1.0
APP_pre_info,1,38,False,50000,52000000,81056,0.0015587692307692308,0,0.0,-37.31931951972842,91.33268131730925,0,0,1.0
APP_pre_info,1,39,False,50000,52000000,81127,0.0015601346153846154,0,0.0,-39.14170937113236,91.33268131730925,0,0,1.0
APP_pre_info,1,40,False,50000,52000000,80743,0.00155275,0,0.0,-37.31893435393076,91.33268131730925,0,0,1.0
APP_pre_info,1,41,False,50000,52000000,80208,0.0015424615384615386,0,0.0,-36.75928173836305,91.33268131730925,0,0,1.0
APP_pre_info,1,42,False,50000,52000000,80051,0.0015394423076923076,0,0.0,-37.31382256567888,91.33268131730925,0,0,1.0
APP_pre_info,1,43,False,50000,52000000,79762,0.0015338846153846153,0,0.0,-36.73038217532081,91.33268131730925,0,0,1.0
APP_pre_info,1,44,False,50000,52000000,79673,0.001532173076923077,0,0.0,-45.9943546028563,91.33268131730925,0,0,1.0
APP_pre_info,1,45,False,50000,52000000,79738,0.001533423076923077,0,0.0,-43.786784658978114,91.33268131730925,0,0,1.0
APP_pre_info,1,46,False,50000,52000000,79814,0.0015348846153846155,0,0.0,-43.701728991274095,91.33268131730925,0,0,1.0
APP_pre_info,1,47,False,50000,52000000,79585,0.0015304807692307692,0,0.0,-47.38608013260524,91.33268131730925,0,0,1.0
APP_pre_info,1,48,False,50000,52000000,79425,0.001527403846153846,0,0.0,-45.110448383107425,91.33268131730925,0,0,0.9999999999999999
APP_pre_info,1,49,False,50000,52000000,79064,0.0015204615384615385,0,0.0,-52.39149261596268,91.33268131730925,0,0,0.9999999999999999
APP_pre_info,1,50,True,50000,52000000,79130,0.0015217307692307691,0,0.0,-48.910182266243865,91.33268131730925,0,0,1.0
